[
  {
    "AutoID": 1,
    "StationID": 1,
    "StationName": "KASA",
    "AllowRegister": "0",
    "DefineValue": "-",
    "ActivateCashier": "1",
    "RememberCashier": "0",
    "BackgroundPicture": "C:\\projeler\\wpf\\Infinia\\infinia\\bin\\Debug\\Media\\50311cf9-6534-4829-bb0f-613d362c127c.jpg",
    "SideBarPicture": null,
    "DefaultLoginEntrance": 0,
    "DefultTablePlan": null,
    "SkinName": "Office 2010 Blue",
    "ShowDineInButton": "1",
    "ShowTakeOutButton": "1",
    "ShowDriveThruButton": "1",
    "ShowDeliveryButton": "1",
    "ShowRecallButton": "1",
    "ShowDriverStatusButton": "1",
    "ShowTimeCardButton": "1",
    "ShowOperationsButton": "1",
    "ShowBackOfficeButton": "1",
    "ShowQuickServiceDineIn": "1",
    "ShowQuickServiceTakeOut": "1",
    "ShowQuickServiceDriveThru": "1",
    "ShowQuickServiceDelivery": "1",
    "StayInOrderScreenTakeOut": "1",
    "StayInOrderScreenDriveThru": "0",
    "StayTablePlanInDineIn": "0",
    "TimeOutScreenLock": 0,
    "IsMobile": "0",
    "CustomerDisplayPortNo": null,
    "CustomerDisplayLine1": null,
    "CustomerDisplayLine2": null,
    "WeightScale1PortNo": "-",
    "WeightScale1BaudRate": null,
    "WeightScale2PortNo": null,
    "WeightScale2BaudRate": null,
    "CashRegisterModel": null,
    "CashRegisterBaudRate": null,
    "CashRegisterDataDelay": null,
    "CashRegisterLineDelay": null,
    "CashRegisterStations": null,
    "CashRegisterPortNo": null,
    "PaymentOverTime": 30,
    "DirectOpenOrderInEditMode": "0",
    "PrintVoidedLinesOnGuestCheck": "0",
    "StationKey": "2F684D00-DDBB-4D50-97C9-24C9F904A57A",
    "AskPasswordForReduce": "1",
    "MediaDisplayIsActive": "0",
    "MediaDisplayOnWaiting": null,
    "MediaDisplayOnSale": null,
    "MediaDisplayClosedMessage": "KASA KAPALIDIR",
    "MediaDisplayMoneyOver": "TEŞEKKÜR EDERİZ",
    "EditKey": "D91D0EBA-86CA-47BF-8C7B-CD9B8B6913D3",
    "SyncKey": "BD58A010-BCD6-4350-BA78-B309AB39CEBC",
    "ShowCashTrayButton": "0",
    "DisableSaleOnOpenCashTray": "1",
    "BekoPosDesign": null,
    "BekoPosOutput": null,
    "BekoPosDatabase": null,
    "EnableCallCenterClient": "0",
    "CallCenterClientAddress": null,
    "KeyNote": null,
    "ShowScaleOrderDineIn": "0",
    "ShowScaleOrderTakeOut": "1",
    "ShowScaleOrderDriveThru": "0",
    "ShowScaleOrderDelivery": "0",
    "UseRetailMode": "0",
    "HideOkButtonOnQuickService": null,
    "UseStaticPlu": "0",
    "StaticPluNumber": 0,
    "EnableCentralCallCenterClient": "0",
    "CentralCallCenterClientAddress": "https://robotpos.hdholding.com/Pidem/CallCenter/ccc.asmx",
    "UseSecondLangOnKitchenPrint": "0",
    "CallerIDPort": null,
    "MediaDisplayFontSize": 40,
    "SendTareOnWeightMinus": "0",
    "ShowScaleOrderRetail": "0",
    "SendTareOnAfterAddButton": "0",
    "DefaultWarehouseID": null,
    "BranchID": null,
    "ViewTotalDiscount": "0",
    "GarsonStation": "0",
    "ShowComboOnMediaDisplay": "0",
    "ShowCashDiscountButtonOnMainScreen": "0",
    "ShowMenuModifierOnMediaDisplay": "0",
    "ShowPicturedModifierOnMediaDisplay": "0",
    "ShowSidePictureOnMediaDisplay": "0",
    "ScaleMode": "0",
    "HideOkButtonOnDineIn": "0",
    "HideOkButtonOnDelivery": "0",
    "HideOkButtonOnDriveThru": "0",
    "HideOkButtonOnTakeOut": "1",
    "MediaDisplaySaleOrderPercent": 50,
    "PaymentHideOnDineIn": "0",
    "PaymentHideOnTakeOut": "0",
    "PaymentHideOnDriveThru": "0",
    "PaymentHideOnDelivery": "0",
    "MediaDisplayImagePercent": 50,
    "VersionInfo": "{\"ModuleVersion\":\"3.3.4.6\",\"m_dllVersion\":\"1903071059\",\"DLL_VERSION_MIN\":\"\",\"EcrSerialNumber\":\"JI20014654\",\"gmpVersion\":\"\",\"UpdateDateTime\":\"2024-11-16T12:47:45.5515932+03:00\"}",
    "UpdateDateTime": "16/11/2024 12:47:45.567",
    "PosVersion": "1.0.0.33579",
    "ShowOtherPaymentType": "0",
    "ShowEndOfDayButton": "1",
    "UseVigoServiceOperations": "0",
    "RunPromotionsForMobilApp": "1",
    "CentralCallCenterSaveAfterConfirm": "0",
    "CentralCallCenterBranchID": 0,
    "CentralCallCenterSoundPath": null,
    "ShowDataResetButton": "0",
    "UseHemenYoldaServiceOperations": "0",
    "UsePackUppServiceOperations": "0",
    "LineDisplayIsActive": "0",
    "LineDisplay1Name": "LineDisplay1",
    "LineDisplay1Length": "20",
    "LineDisplay2Name": "LineDisplay2",
    "LineDisplay2Length": "20",
    "Screen1Size": "3200x2000",
    "Screen2Size": "5160x2160",
    "UsePaketTaxiServiceOperations": "0",
    "UsePaketleServiceOperations": "0",
    "DeleteLineGuestCheck": "0",
    "DeleteLineGuestCheckStationID": null,
    "UseHdHoldingCrmOperations": "1",
    "UseHemenKuryeServiceOperations": "0",
    "WeightAddItemOrder": "0",
    "DriveThruIsTerminalRun": "0",
    "NetGSMInternalNum": "0",
    "PrintFiscalItemGroup": "0",
    "RecallTypeAllTypesIsNotActive": "0",
    "RecallTypeDineInIsNotActive": "0",
    "RecallTypeBarTabIsNotActive": "0",
    "RecallTypeTakeOutIsNotActive": "0",
    "RecallTypeDriveThruIsNotActive": "0",
    "RecallTypeDeliveryIsNotActive": "0",
    "RegisterOutVisibleMobil": "0",
    "KdvIsUpdate": "0",
    "DelicatessenCase": "0",
    "IpAddress": "192.168.2.90",
    "MediaDisplayExchangeItemFontSize": 12,
    "ShowExchangeTypeValue": "0",
    "ActivitySafe": "0",
    "TaxGroupsNameCase": "0",
    "RoboticsLocation": null,
    "KobikomInternalNum": null,
    "UseHuginN910": "0",
    "TokenFlexStationId": null,
    "IpAdressControlList": null,
    "PayOutActive": "1"
  },
  {
    "AutoID": 2,
    "StationID": 2,
    "StationName": "2",
    "AllowRegister": "0",
    "DefineValue": "-",
    "ActivateCashier": "1",
    "RememberCashier": "0",
    "BackgroundPicture": "Pictures\\ROBOTPOS\\PİDEM\\PİDEM_LOGO1024x768 siyah.jpg",
    "SideBarPicture": null,
    "DefaultLoginEntrance": null,
    "DefultTablePlan": null,
    "SkinName": "Office 2010 Blue",
    "ShowDineInButton": "0",
    "ShowTakeOutButton": "1",
    "ShowDriveThruButton": "0",
    "ShowDeliveryButton": "0",
    "ShowRecallButton": "0",
    "ShowDriverStatusButton": "0",
    "ShowTimeCardButton": "0",
    "ShowOperationsButton": "1",
    "ShowBackOfficeButton": "1",
    "ShowQuickServiceDineIn": "0",
    "ShowQuickServiceTakeOut": "0",
    "ShowQuickServiceDriveThru": "0",
    "ShowQuickServiceDelivery": "0",
    "StayInOrderScreenTakeOut": "1",
    "StayInOrderScreenDriveThru": "0",
    "StayTablePlanInDineIn": "0",
    "TimeOutScreenLock": 30,
    "IsMobile": "0",
    "CustomerDisplayPortNo": null,
    "CustomerDisplayLine1": null,
    "CustomerDisplayLine2": null,
    "WeightScale1PortNo": null,
    "WeightScale1BaudRate": null,
    "WeightScale2PortNo": null,
    "WeightScale2BaudRate": null,
    "CashRegisterModel": null,
    "CashRegisterBaudRate": null,
    "CashRegisterDataDelay": null,
    "CashRegisterLineDelay": null,
    "CashRegisterStations": null,
    "CashRegisterPortNo": null,
    "PaymentOverTime": 30,
    "DirectOpenOrderInEditMode": "0",
    "PrintVoidedLinesOnGuestCheck": null,
    "StationKey": "33584228-4F5C-49F2-82B7-564DDE8082E3",
    "AskPasswordForReduce": "1",
    "MediaDisplayIsActive": "0",
    "MediaDisplayOnWaiting": null,
    "MediaDisplayOnSale": null,
    "MediaDisplayClosedMessage": "KASA KAPALIDIR",
    "MediaDisplayMoneyOver": "TEŞEKKÜR EDERİZ",
    "EditKey": "F536BEE4-A345-41CF-8D18-33C797F9599D",
    "SyncKey": "15E60C3B-7DE3-431A-8A88-6660D603827A",
    "ShowCashTrayButton": "0",
    "DisableSaleOnOpenCashTray": "0",
    "BekoPosDesign": null,
    "BekoPosOutput": null,
    "BekoPosDatabase": null,
    "EnableCallCenterClient": "0",
    "CallCenterClientAddress": null,
    "KeyNote": null,
    "ShowScaleOrderDineIn": "0",
    "ShowScaleOrderTakeOut": "0",
    "ShowScaleOrderDriveThru": "0",
    "ShowScaleOrderDelivery": "0",
    "UseRetailMode": "0",
    "HideOkButtonOnQuickService": null,
    "UseStaticPlu": "0",
    "StaticPluNumber": 0,
    "EnableCentralCallCenterClient": "0",
    "CentralCallCenterClientAddress": "https://robotpos.hdholding.com/Pidem/CallCenter/ccc.asmx",
    "UseSecondLangOnKitchenPrint": "0",
    "CallerIDPort": null,
    "MediaDisplayFontSize": 40,
    "SendTareOnWeightMinus": "0",
    "ShowScaleOrderRetail": "0",
    "SendTareOnAfterAddButton": "1",
    "DefaultWarehouseID": null,
    "BranchID": null,
    "ViewTotalDiscount": "0",
    "GarsonStation": "0",
    "ShowComboOnMediaDisplay": "0",
    "ShowCashDiscountButtonOnMainScreen": "0",
    "ShowMenuModifierOnMediaDisplay": "0",
    "ShowPicturedModifierOnMediaDisplay": "0",
    "ShowSidePictureOnMediaDisplay": "0",
    "ScaleMode": "0",
    "HideOkButtonOnDineIn": "0",
    "HideOkButtonOnDelivery": "0",
    "HideOkButtonOnDriveThru": "0",
    "HideOkButtonOnTakeOut": "1",
    "MediaDisplaySaleOrderPercent": 0,
    "PaymentHideOnDineIn": "0",
    "PaymentHideOnTakeOut": "0",
    "PaymentHideOnDriveThru": "0",
    "PaymentHideOnDelivery": "0",
    "MediaDisplayImagePercent": 0,
    "VersionInfo": null,
    "UpdateDateTime": null,
    "PosVersion": null,
    "ShowOtherPaymentType": "0",
    "ShowEndOfDayButton": "1",
    "UseVigoServiceOperations": null,
    "RunPromotionsForMobilApp": "1",
    "CentralCallCenterSaveAfterConfirm": null,
    "CentralCallCenterBranchID": null,
    "CentralCallCenterSoundPath": null,
    "ShowDataResetButton": null,
    "UseHemenYoldaServiceOperations": null,
    "UsePackUppServiceOperations": null,
    "LineDisplayIsActive": null,
    "LineDisplay1Name": null,
    "LineDisplay1Length": null,
    "LineDisplay2Name": null,
    "LineDisplay2Length": null,
    "Screen1Size": null,
    "Screen2Size": null,
    "UsePaketTaxiServiceOperations": null,
    "UsePaketleServiceOperations": null,
    "DeleteLineGuestCheck": null,
    "DeleteLineGuestCheckStationID": null,
    "UseHdHoldingCrmOperations": "1",
    "UseHemenKuryeServiceOperations": null,
    "WeightAddItemOrder": null,
    "DriveThruIsTerminalRun": null,
    "NetGSMInternalNum": null,
    "PrintFiscalItemGroup": null,
    "RecallTypeAllTypesIsNotActive": null,
    "RecallTypeDineInIsNotActive": null,
    "RecallTypeBarTabIsNotActive": null,
    "RecallTypeTakeOutIsNotActive": null,
    "RecallTypeDriveThruIsNotActive": null,
    "RecallTypeDeliveryIsNotActive": null,
    "RegisterOutVisibleMobil": null,
    "KdvIsUpdate": null,
    "DelicatessenCase": null,
    "IpAddress": null,
    "MediaDisplayExchangeItemFontSize": 12,
    "ShowExchangeTypeValue": null,
    "ActivitySafe": null,
    "TaxGroupsNameCase": null,
    "RoboticsLocation": null,
    "KobikomInternalNum": null,
    "UseHuginN910": null,
    "TokenFlexStationId": null,
    "IpAdressControlList": null,
    "PayOutActive": "1"
  },
  {
    "AutoID": 5,
    "StationID": 3,
    "StationName": "3",
    "AllowRegister": "0",
    "DefineValue": "-",
    "ActivateCashier": "1",
    "RememberCashier": "0",
    "BackgroundPicture": "Pictures\\ROBOTPOS\\PİDEM\\PİDEM_LOGO1024x768 siyah.jpg",
    "SideBarPicture": null,
    "DefaultLoginEntrance": null,
    "DefultTablePlan": null,
    "SkinName": "Office 2010 Blue",
    "ShowDineInButton": "0",
    "ShowTakeOutButton": "1",
    "ShowDriveThruButton": "0",
    "ShowDeliveryButton": "0",
    "ShowRecallButton": "0",
    "ShowDriverStatusButton": "0",
    "ShowTimeCardButton": "0",
    "ShowOperationsButton": "1",
    "ShowBackOfficeButton": "1",
    "ShowQuickServiceDineIn": "0",
    "ShowQuickServiceTakeOut": "0",
    "ShowQuickServiceDriveThru": "0",
    "ShowQuickServiceDelivery": "0",
    "StayInOrderScreenTakeOut": "1",
    "StayInOrderScreenDriveThru": "0",
    "StayTablePlanInDineIn": "0",
    "TimeOutScreenLock": 30,
    "IsMobile": "0",
    "CustomerDisplayPortNo": null,
    "CustomerDisplayLine1": null,
    "CustomerDisplayLine2": null,
    "WeightScale1PortNo": null,
    "WeightScale1BaudRate": null,
    "WeightScale2PortNo": null,
    "WeightScale2BaudRate": null,
    "CashRegisterModel": null,
    "CashRegisterBaudRate": null,
    "CashRegisterDataDelay": null,
    "CashRegisterLineDelay": null,
    "CashRegisterStations": null,
    "CashRegisterPortNo": null,
    "PaymentOverTime": 30,
    "DirectOpenOrderInEditMode": "0",
    "PrintVoidedLinesOnGuestCheck": null,
    "StationKey": "E82F2E1E-B5EE-4824-952C-D3DA892D3668",
    "AskPasswordForReduce": "1",
    "MediaDisplayIsActive": "0",
    "MediaDisplayOnWaiting": null,
    "MediaDisplayOnSale": null,
    "MediaDisplayClosedMessage": "KASA KAPALIDIR",
    "MediaDisplayMoneyOver": "TEŞEKKÜR EDERİZ",
    "EditKey": "FF372BD6-62B9-472A-82E9-29D119D3FA09",
    "SyncKey": "47223CF2-63B4-4769-A982-F4DA38E190CF",
    "ShowCashTrayButton": "0",
    "DisableSaleOnOpenCashTray": "0",
    "BekoPosDesign": null,
    "BekoPosOutput": null,
    "BekoPosDatabase": null,
    "EnableCallCenterClient": "0",
    "CallCenterClientAddress": null,
    "KeyNote": null,
    "ShowScaleOrderDineIn": "0",
    "ShowScaleOrderTakeOut": "0",
    "ShowScaleOrderDriveThru": "0",
    "ShowScaleOrderDelivery": "0",
    "UseRetailMode": "0",
    "HideOkButtonOnQuickService": null,
    "UseStaticPlu": "0",
    "StaticPluNumber": 0,
    "EnableCentralCallCenterClient": "0",
    "CentralCallCenterClientAddress": "https://robotpos.hdholding.com/Pidem/CallCenter/ccc.asmx",
    "UseSecondLangOnKitchenPrint": "0",
    "CallerIDPort": null,
    "MediaDisplayFontSize": 40,
    "SendTareOnWeightMinus": "0",
    "ShowScaleOrderRetail": "0",
    "SendTareOnAfterAddButton": "1",
    "DefaultWarehouseID": null,
    "BranchID": null,
    "ViewTotalDiscount": "0",
    "GarsonStation": "0",
    "ShowComboOnMediaDisplay": "0",
    "ShowCashDiscountButtonOnMainScreen": "0",
    "ShowMenuModifierOnMediaDisplay": "0",
    "ShowPicturedModifierOnMediaDisplay": "0",
    "ShowSidePictureOnMediaDisplay": "0",
    "ScaleMode": "0",
    "HideOkButtonOnDineIn": "0",
    "HideOkButtonOnDelivery": "0",
    "HideOkButtonOnDriveThru": "0",
    "HideOkButtonOnTakeOut": "1",
    "MediaDisplaySaleOrderPercent": 0,
    "PaymentHideOnDineIn": "0",
    "PaymentHideOnTakeOut": "0",
    "PaymentHideOnDriveThru": "0",
    "PaymentHideOnDelivery": "0",
    "MediaDisplayImagePercent": 0,
    "VersionInfo": "{\"ModuleVersion\":\"2.1.6.1\",\"m_dllVersion\":\"1707051043\",\"DLL_VERSION_MIN\":\"\",\"EcrSerialNumber\":\"JI20015000\",\"gmpVersion\":\"1901041200\"}",
    "UpdateDateTime": null,
    "PosVersion": null,
    "ShowOtherPaymentType": "0",
    "ShowEndOfDayButton": "1",
    "UseVigoServiceOperations": null,
    "RunPromotionsForMobilApp": "1",
    "CentralCallCenterSaveAfterConfirm": null,
    "CentralCallCenterBranchID": null,
    "CentralCallCenterSoundPath": null,
    "ShowDataResetButton": null,
    "UseHemenYoldaServiceOperations": null,
    "UsePackUppServiceOperations": null,
    "LineDisplayIsActive": null,
    "LineDisplay1Name": null,
    "LineDisplay1Length": null,
    "LineDisplay2Name": null,
    "LineDisplay2Length": null,
    "Screen1Size": null,
    "Screen2Size": null,
    "UsePaketTaxiServiceOperations": null,
    "UsePaketleServiceOperations": null,
    "DeleteLineGuestCheck": null,
    "DeleteLineGuestCheckStationID": null,
    "UseHdHoldingCrmOperations": "1",
    "UseHemenKuryeServiceOperations": null,
    "WeightAddItemOrder": null,
    "DriveThruIsTerminalRun": null,
    "NetGSMInternalNum": null,
    "PrintFiscalItemGroup": null,
    "RecallTypeAllTypesIsNotActive": null,
    "RecallTypeDineInIsNotActive": null,
    "RecallTypeBarTabIsNotActive": null,
    "RecallTypeTakeOutIsNotActive": null,
    "RecallTypeDriveThruIsNotActive": null,
    "RecallTypeDeliveryIsNotActive": null,
    "RegisterOutVisibleMobil": null,
    "KdvIsUpdate": null,
    "DelicatessenCase": null,
    "IpAddress": null,
    "MediaDisplayExchangeItemFontSize": 12,
    "ShowExchangeTypeValue": null,
    "ActivitySafe": null,
    "TaxGroupsNameCase": null,
    "RoboticsLocation": null,
    "KobikomInternalNum": null,
    "UseHuginN910": null,
    "TokenFlexStationId": null,
    "IpAdressControlList": null,
    "PayOutActive": "1"
  },
  {
    "AutoID": 3,
    "StationID": 10,
    "StationName": "ADISYON1",
    "AllowRegister": "0",
    "DefineValue": "-",
    "ActivateCashier": "0",
    "RememberCashier": "0",
    "BackgroundPicture": null,
    "SideBarPicture": null,
    "DefaultLoginEntrance": null,
    "DefultTablePlan": null,
    "SkinName": "Office 2010 Blue",
    "ShowDineInButton": "0",
    "ShowTakeOutButton": "0",
    "ShowDriveThruButton": "0",
    "ShowDeliveryButton": "0",
    "ShowRecallButton": "0",
    "ShowDriverStatusButton": "0",
    "ShowTimeCardButton": "0",
    "ShowOperationsButton": "0",
    "ShowBackOfficeButton": "1",
    "ShowQuickServiceDineIn": "0",
    "ShowQuickServiceTakeOut": "0",
    "ShowQuickServiceDriveThru": "0",
    "ShowQuickServiceDelivery": "0",
    "StayInOrderScreenTakeOut": "0",
    "StayInOrderScreenDriveThru": "0",
    "StayTablePlanInDineIn": "0",
    "TimeOutScreenLock": 30,
    "IsMobile": "0",
    "CustomerDisplayPortNo": null,
    "CustomerDisplayLine1": null,
    "CustomerDisplayLine2": null,
    "WeightScale1PortNo": null,
    "WeightScale1BaudRate": null,
    "WeightScale2PortNo": null,
    "WeightScale2BaudRate": null,
    "CashRegisterModel": null,
    "CashRegisterBaudRate": null,
    "CashRegisterDataDelay": null,
    "CashRegisterLineDelay": null,
    "CashRegisterStations": null,
    "CashRegisterPortNo": null,
    "PaymentOverTime": 30,
    "DirectOpenOrderInEditMode": "0",
    "PrintVoidedLinesOnGuestCheck": null,
    "StationKey": "6C4A27AC-AA48-43B6-8E6B-F43A169E816A",
    "AskPasswordForReduce": "1",
    "MediaDisplayIsActive": "0",
    "MediaDisplayOnWaiting": null,
    "MediaDisplayOnSale": null,
    "MediaDisplayClosedMessage": "KASA KAPALIDIR",
    "MediaDisplayMoneyOver": "TEŞEKKÜR EDERİZ",
    "EditKey": "B1D689F1-E176-4EE1-AFED-5A303056FCA4",
    "SyncKey": "9EACAD0D-AD09-424A-90DB-82676C923560",
    "ShowCashTrayButton": "0",
    "DisableSaleOnOpenCashTray": "0",
    "BekoPosDesign": null,
    "BekoPosOutput": null,
    "BekoPosDatabase": null,
    "EnableCallCenterClient": "0",
    "CallCenterClientAddress": null,
    "KeyNote": null,
    "ShowScaleOrderDineIn": "0",
    "ShowScaleOrderTakeOut": "0",
    "ShowScaleOrderDriveThru": "0",
    "ShowScaleOrderDelivery": "0",
    "UseRetailMode": "0",
    "HideOkButtonOnQuickService": null,
    "UseStaticPlu": "0",
    "StaticPluNumber": 0,
    "EnableCentralCallCenterClient": "0",
    "CentralCallCenterClientAddress": "https://robotpos.hdholding.com/Pidem/CallCenter/ccc.asmx",
    "UseSecondLangOnKitchenPrint": "0",
    "CallerIDPort": null,
    "MediaDisplayFontSize": 40,
    "SendTareOnWeightMinus": "0",
    "ShowScaleOrderRetail": null,
    "SendTareOnAfterAddButton": "1",
    "DefaultWarehouseID": null,
    "BranchID": null,
    "ViewTotalDiscount": "0",
    "GarsonStation": "0",
    "ShowComboOnMediaDisplay": "0",
    "ShowCashDiscountButtonOnMainScreen": "0",
    "ShowMenuModifierOnMediaDisplay": "0",
    "ShowPicturedModifierOnMediaDisplay": "0",
    "ShowSidePictureOnMediaDisplay": "0",
    "ScaleMode": "0",
    "HideOkButtonOnDineIn": "0",
    "HideOkButtonOnDelivery": "0",
    "HideOkButtonOnDriveThru": "0",
    "HideOkButtonOnTakeOut": "1",
    "MediaDisplaySaleOrderPercent": 0,
    "PaymentHideOnDineIn": "0",
    "PaymentHideOnTakeOut": "0",
    "PaymentHideOnDriveThru": "0",
    "PaymentHideOnDelivery": "0",
    "MediaDisplayImagePercent": 0,
    "VersionInfo": null,
    "UpdateDateTime": null,
    "PosVersion": null,
    "ShowOtherPaymentType": "0",
    "ShowEndOfDayButton": "1",
    "UseVigoServiceOperations": null,
    "RunPromotionsForMobilApp": "1",
    "CentralCallCenterSaveAfterConfirm": null,
    "CentralCallCenterBranchID": null,
    "CentralCallCenterSoundPath": null,
    "ShowDataResetButton": null,
    "UseHemenYoldaServiceOperations": null,
    "UsePackUppServiceOperations": null,
    "LineDisplayIsActive": null,
    "LineDisplay1Name": null,
    "LineDisplay1Length": null,
    "LineDisplay2Name": null,
    "LineDisplay2Length": null,
    "Screen1Size": null,
    "Screen2Size": null,
    "UsePaketTaxiServiceOperations": null,
    "UsePaketleServiceOperations": null,
    "DeleteLineGuestCheck": null,
    "DeleteLineGuestCheckStationID": null,
    "UseHdHoldingCrmOperations": "1",
    "UseHemenKuryeServiceOperations": null,
    "WeightAddItemOrder": null,
    "DriveThruIsTerminalRun": null,
    "NetGSMInternalNum": null,
    "PrintFiscalItemGroup": null,
    "RecallTypeAllTypesIsNotActive": null,
    "RecallTypeDineInIsNotActive": null,
    "RecallTypeBarTabIsNotActive": null,
    "RecallTypeTakeOutIsNotActive": null,
    "RecallTypeDriveThruIsNotActive": null,
    "RecallTypeDeliveryIsNotActive": null,
    "RegisterOutVisibleMobil": null,
    "KdvIsUpdate": null,
    "DelicatessenCase": null,
    "IpAddress": null,
    "MediaDisplayExchangeItemFontSize": 12,
    "ShowExchangeTypeValue": null,
    "ActivitySafe": null,
    "TaxGroupsNameCase": null,
    "RoboticsLocation": null,
    "KobikomInternalNum": null,
    "UseHuginN910": null,
    "TokenFlexStationId": null,
    "IpAdressControlList": null,
    "PayOutActive": "1"
  },
  {
    "AutoID": 4,
    "StationID": 11,
    "StationName": "ADISYON2",
    "AllowRegister": "0",
    "DefineValue": "-",
    "ActivateCashier": "0",
    "RememberCashier": "0",
    "BackgroundPicture": null,
    "SideBarPicture": null,
    "DefaultLoginEntrance": null,
    "DefultTablePlan": null,
    "SkinName": "Office 2010 Blue",
    "ShowDineInButton": "0",
    "ShowTakeOutButton": "0",
    "ShowDriveThruButton": "0",
    "ShowDeliveryButton": "0",
    "ShowRecallButton": "0",
    "ShowDriverStatusButton": "0",
    "ShowTimeCardButton": "0",
    "ShowOperationsButton": "0",
    "ShowBackOfficeButton": "1",
    "ShowQuickServiceDineIn": "0",
    "ShowQuickServiceTakeOut": "0",
    "ShowQuickServiceDriveThru": "0",
    "ShowQuickServiceDelivery": "0",
    "StayInOrderScreenTakeOut": "0",
    "StayInOrderScreenDriveThru": "0",
    "StayTablePlanInDineIn": "0",
    "TimeOutScreenLock": 30,
    "IsMobile": "0",
    "CustomerDisplayPortNo": null,
    "CustomerDisplayLine1": null,
    "CustomerDisplayLine2": null,
    "WeightScale1PortNo": null,
    "WeightScale1BaudRate": null,
    "WeightScale2PortNo": null,
    "WeightScale2BaudRate": null,
    "CashRegisterModel": null,
    "CashRegisterBaudRate": null,
    "CashRegisterDataDelay": null,
    "CashRegisterLineDelay": null,
    "CashRegisterStations": null,
    "CashRegisterPortNo": null,
    "PaymentOverTime": 30,
    "DirectOpenOrderInEditMode": "0",
    "PrintVoidedLinesOnGuestCheck": null,
    "StationKey": "5CA353AD-0E6D-4E9F-B2E2-4D32A031C191",
    "AskPasswordForReduce": "1",
    "MediaDisplayIsActive": "0",
    "MediaDisplayOnWaiting": null,
    "MediaDisplayOnSale": null,
    "MediaDisplayClosedMessage": "KASA KAPALIDIR",
    "MediaDisplayMoneyOver": "TEŞEKKÜR EDERİZ",
    "EditKey": "1439E9C1-842F-4E0F-9C94-80D4A5E53772",
    "SyncKey": "D2412966-DD6B-4A69-9AD9-BC0759A33293",
    "ShowCashTrayButton": "0",
    "DisableSaleOnOpenCashTray": "0",
    "BekoPosDesign": null,
    "BekoPosOutput": null,
    "BekoPosDatabase": null,
    "EnableCallCenterClient": "0",
    "CallCenterClientAddress": null,
    "KeyNote": null,
    "ShowScaleOrderDineIn": "0",
    "ShowScaleOrderTakeOut": "0",
    "ShowScaleOrderDriveThru": "0",
    "ShowScaleOrderDelivery": "0",
    "UseRetailMode": "0",
    "HideOkButtonOnQuickService": null,
    "UseStaticPlu": "0",
    "StaticPluNumber": 0,
    "EnableCentralCallCenterClient": "0",
    "CentralCallCenterClientAddress": "https://robotpos.hdholding.com/Pidem/CallCenter/ccc.asmx",
    "UseSecondLangOnKitchenPrint": "0",
    "CallerIDPort": null,
    "MediaDisplayFontSize": 40,
    "SendTareOnWeightMinus": "0",
    "ShowScaleOrderRetail": null,
    "SendTareOnAfterAddButton": "1",
    "DefaultWarehouseID": null,
    "BranchID": null,
    "ViewTotalDiscount": "0",
    "GarsonStation": "0",
    "ShowComboOnMediaDisplay": "0",
    "ShowCashDiscountButtonOnMainScreen": "0",
    "ShowMenuModifierOnMediaDisplay": "0",
    "ShowPicturedModifierOnMediaDisplay": "0",
    "ShowSidePictureOnMediaDisplay": "0",
    "ScaleMode": "0",
    "HideOkButtonOnDineIn": "0",
    "HideOkButtonOnDelivery": "0",
    "HideOkButtonOnDriveThru": "0",
    "HideOkButtonOnTakeOut": "1",
    "MediaDisplaySaleOrderPercent": 0,
    "PaymentHideOnDineIn": "0",
    "PaymentHideOnTakeOut": "0",
    "PaymentHideOnDriveThru": "0",
    "PaymentHideOnDelivery": "0",
    "MediaDisplayImagePercent": 0,
    "VersionInfo": null,
    "UpdateDateTime": null,
    "PosVersion": null,
    "ShowOtherPaymentType": "0",
    "ShowEndOfDayButton": "1",
    "UseVigoServiceOperations": null,
    "RunPromotionsForMobilApp": "1",
    "CentralCallCenterSaveAfterConfirm": null,
    "CentralCallCenterBranchID": null,
    "CentralCallCenterSoundPath": null,
    "ShowDataResetButton": null,
    "UseHemenYoldaServiceOperations": null,
    "UsePackUppServiceOperations": null,
    "LineDisplayIsActive": null,
    "LineDisplay1Name": null,
    "LineDisplay1Length": null,
    "LineDisplay2Name": null,
    "LineDisplay2Length": null,
    "Screen1Size": null,
    "Screen2Size": null,
    "UsePaketTaxiServiceOperations": null,
    "UsePaketleServiceOperations": null,
    "DeleteLineGuestCheck": null,
    "DeleteLineGuestCheckStationID": null,
    "UseHdHoldingCrmOperations": "1",
    "UseHemenKuryeServiceOperations": null,
    "WeightAddItemOrder": null,
    "DriveThruIsTerminalRun": null,
    "NetGSMInternalNum": null,
    "PrintFiscalItemGroup": null,
    "RecallTypeAllTypesIsNotActive": null,
    "RecallTypeDineInIsNotActive": null,
    "RecallTypeBarTabIsNotActive": null,
    "RecallTypeTakeOutIsNotActive": null,
    "RecallTypeDriveThruIsNotActive": null,
    "RecallTypeDeliveryIsNotActive": null,
    "RegisterOutVisibleMobil": null,
    "KdvIsUpdate": null,
    "DelicatessenCase": null,
    "IpAddress": null,
    "MediaDisplayExchangeItemFontSize": 12,
    "ShowExchangeTypeValue": null,
    "ActivitySafe": null,
    "TaxGroupsNameCase": null,
    "RoboticsLocation": null,
    "KobikomInternalNum": null,
    "UseHuginN910": null,
    "TokenFlexStationId": null,
    "IpAdressControlList": null,
    "PayOutActive": "1"
  }
]