[
  {
    "AuthorityID": 1,
    "GroupName": "GENEL",
    "AuthorityKey": "saleOrderDineIn",
    "AuthorityText": "MASA MODU",
    "AuthorityDescription": "bu ayar deneme amaçlı",
    "DefaultLevel": 1,
    "NeedAllways": "1",
    "AllowManager": "0",
    "AllowCashier": "1",
    "EditKey": "09BF0055-BF7B-42F2-A099-F92C277771B7",
    "SyncKey": "C2E728FF-2714-40CD-9950-6F1496824CD7",
    "BranchID": null,
    "UpdateDateTime": "8/8/2021 20:23:08.693",
    "AuthorityListKey": "57FDECB7-4A90-4A30-AC2C-55F050CCAB6B"
  },
  {
    "AuthorityID": 2,
    "GroupName": "GENEL",
    "AuthorityKey": "saleOrderTakeOut",
    "AuthorityText": "AL GÖTÜR",
    "AuthorityDescription": null,
    "DefaultLevel": 1,
    "NeedAllways": "0",
    "AllowManager": "0",
    "AllowCashier": "1",
    "EditKey": "C3A6B502-6E1E-4605-8E20-73DB9045AA66",
    "SyncKey": "845B55E4-4C9B-4D5D-89CC-C35108535C0E",
    "BranchID": null,
    "UpdateDateTime": "8/8/2021 20:23:08.693",
    "AuthorityListKey": "DE999AF8-DED4-47DF-9F25-40887DC4E71D"
  },
  {
    "AuthorityID": 3,
    "GroupName": "GENEL",
    "AuthorityKey": "saleDriveThru",
    "AuthorityText": "TEZGAH SATIŞ",
    "AuthorityDescription": null,
    "DefaultLevel": 1,
    "NeedAllways": "0",
    "AllowManager": "0",
    "AllowCashier": "1",
    "EditKey": "585AA0CC-D75B-4A2D-B7EE-F01B60C47B23",
    "SyncKey": "5E12F324-E585-4A68-AF05-53156CA4CEB5",
    "BranchID": null,
    "UpdateDateTime": "8/8/2021 20:23:08.693",
    "AuthorityListKey": "95628B1A-0A1E-4849-AF28-F410875EF5BF"
  },
  {
    "AuthorityID": 4,
    "GroupName": "PAKET",
    "AuthorityKey": "saleOrderDelivery",
    "AuthorityText": "PAKET SATIŞ",
    "AuthorityDescription": null,
    "DefaultLevel": 1,
    "NeedAllways": "0",
    "AllowManager": "0",
    "AllowCashier": "1",
    "EditKey": "203317AC-1D0A-4AF3-A357-790A4C4AC256",
    "SyncKey": "8BE4AF1C-CBAB-4B46-8956-B053610CC1EB",
    "BranchID": null,
    "UpdateDateTime": "8/8/2021 20:23:08.693",
    "AuthorityListKey": "9AE96E04-CFC1-4862-9A0D-D59C6877B267"
  },
  {
    "AuthorityID": 5,
    "GroupName": "GENEL",
    "AuthorityKey": "orderRecall",
    "AuthorityText": "ÇAĞIR",
    "AuthorityDescription": null,
    "DefaultLevel": 3,
    "NeedAllways": "0",
    "AllowManager": "0",
    "AllowCashier": "1",
    "EditKey": "2F41F0B0-E954-43A4-9837-D1269FFDC87C",
    "SyncKey": "66F23E20-E864-4DD7-B54F-98C3F9840BB4",
    "BranchID": null,
    "UpdateDateTime": "8/8/2021 20:23:08.693",
    "AuthorityListKey": "318CCD04-7C94-40C7-A95F-23A3E9B686AD"
  },
  {
    "AuthorityID": 6,
    "GroupName": "PAKET",
    "AuthorityKey": "deliveryStatus",
    "AuthorityText": "PAKETÇİ",
    "AuthorityDescription": null,
    "DefaultLevel": 10,
    "NeedAllways": "1",
    "AllowManager": "0",
    "AllowCashier": "1",
    "EditKey": "5216481F-3E59-46FA-AAC0-269443634128",
    "SyncKey": "4B66F31B-15DB-42E9-A15D-8A3822B7FA48",
    "BranchID": null,
    "UpdateDateTime": "8/8/2021 20:23:08.693",
    "AuthorityListKey": "28A3699F-8885-4109-8D78-E1B3F44C6E0E"
  },
  {
    "AuthorityID": 7,
    "GroupName": "ÖDEME",
    "AuthorityKey": "orderSettle",
    "AuthorityText": "ÇEK KAPAT",
    "AuthorityDescription": null,
    "DefaultLevel": 3,
    "NeedAllways": "1",
    "AllowManager": "0",
    "AllowCashier": "1",
    "EditKey": "1E14207F-C494-423D-AFE6-DD32961C9A6C",
    "SyncKey": "2BC07F26-E2F2-49DE-9B4C-D5B858420943",
    "BranchID": null,
    "UpdateDateTime": "8/8/2021 20:23:08.693",
    "AuthorityListKey": "154F5789-C38C-4954-9CEF-E33586CF1CBF"
  },
  {
    "AuthorityID": 8,
    "GroupName": "ÖDEME",
    "AuthorityKey": "payOut",
    "AuthorityText": "ÖDEME YAPMA",
    "AuthorityDescription": null,
    "DefaultLevel": 10,
    "NeedAllways": "1",
    "AllowManager": "0",
    "AllowCashier": "1",
    "EditKey": "78DC60F6-AEEB-45E8-980D-E69B74E4EC7F",
    "SyncKey": "38A90AC3-A422-40B0-B75D-03F1DFD70BA6",
    "BranchID": null,
    "UpdateDateTime": "8/8/2021 20:23:08.693",
    "AuthorityListKey": "57C95260-E1B4-47DF-AE30-56B41B6C3E40"
  },
  {
    "AuthorityID": 9,
    "GroupName": "GENEL",
    "AuthorityKey": "reports",
    "AuthorityText": "RAPORLAR",
    "AuthorityDescription": null,
    "DefaultLevel": 1,
    "NeedAllways": "1",
    "AllowManager": "0",
    "AllowCashier": "0",
    "EditKey": "35EE79B8-143B-4414-961E-7DCC0A2A0FB7",
    "SyncKey": "091546A1-13A2-4358-B69F-378421D03373",
    "BranchID": null,
    "UpdateDateTime": "8/8/2021 20:23:08.693",
    "AuthorityListKey": "CA76A5DB-F73F-44A5-81AD-4718EF611E84"
  },
  {
    "AuthorityID": 10,
    "GroupName": "GENEL",
    "AuthorityKey": "timecard",
    "AuthorityText": "ZAMAN KARTI",
    "AuthorityDescription": null,
    "DefaultLevel": 1,
    "NeedAllways": "0",
    "AllowManager": "0",
    "AllowCashier": "0",
    "EditKey": "32F78165-6C50-4A7B-88D0-13BECC70CD83",
    "SyncKey": "299C6BAC-75B3-4882-BFBC-663A564EF683",
    "BranchID": null,
    "UpdateDateTime": "8/8/2021 20:23:08.693",
    "AuthorityListKey": "DDB83C33-6F9C-4B83-87A2-A667766C4165"
  },
  {
    "AuthorityID": 11,
    "GroupName": "GENEL",
    "AuthorityKey": "operations",
    "AuthorityText": "İŞLEMLER PENCERESİ",
    "AuthorityDescription": null,
    "DefaultLevel": 3,
    "NeedAllways": "0",
    "AllowManager": "0",
    "AllowCashier": "1",
    "EditKey": "339103CB-AED3-4C0A-80C7-9DB1BEA9703B",
    "SyncKey": "3F3BBA02-8D5C-4D0E-80AC-27B458FADDD0",
    "BranchID": null,
    "UpdateDateTime": "8/8/2021 20:23:08.693",
    "AuthorityListKey": "FFD226EB-46C4-444D-84D4-1CC890787EFC"
  },
  {
    "AuthorityID": 12,
    "GroupName": "GENEL",
    "AuthorityKey": "backOffice",
    "AuthorityText": "ARKA OFİS",
    "AuthorityDescription": null,
    "DefaultLevel": 10,
    "NeedAllways": "1",
    "AllowManager": "0",
    "AllowCashier": "0",
    "EditKey": "61D1AA49-9523-44C5-BE36-24280480023F",
    "SyncKey": "FC64997B-41FF-4E1D-8460-E4C07821025B",
    "BranchID": null,
    "UpdateDateTime": "8/8/2021 20:23:08.693",
    "AuthorityListKey": "8B2A0B4E-C452-43F6-B4DE-CCDA8A664B51"
  },
  {
    "AuthorityID": 13,
    "GroupName": "GENEL",
    "AuthorityKey": "exitApplication",
    "AuthorityText": "ÇIKIŞ",
    "AuthorityDescription": null,
    "DefaultLevel": 3,
    "NeedAllways": "1",
    "AllowManager": "1",
    "AllowCashier": "0",
    "EditKey": "8585CC53-174B-4D15-A5D4-753F46C6E1E1",
    "SyncKey": "672AB955-CAC4-45C3-A22A-9FB8202EF1CB",
    "BranchID": null,
    "UpdateDateTime": "8/8/2021 20:23:08.693",
    "AuthorityListKey": "319B8862-96E4-43E3-BA5F-A377C2E75BAD"
  },
  {
    "AuthorityID": 14,
    "GroupName": "GENEL",
    "AuthorityKey": "enterTableButton",
    "AuthorityText": "MASAYA GİRİŞ",
    "AuthorityDescription": null,
    "DefaultLevel": 1,
    "NeedAllways": "0",
    "AllowManager": "0",
    "AllowCashier": "0",
    "EditKey": "7DE8BF3E-0435-4313-A551-71F681E82B32",
    "SyncKey": "F1777F24-253D-4CA8-A2B8-F7FF7182D899",
    "BranchID": null,
    "UpdateDateTime": "8/8/2021 20:23:08.693",
    "AuthorityListKey": "0A04E79A-51D6-4C91-A28D-F617DA764D03"
  },
  {
    "AuthorityID": 15,
    "GroupName": "YAZICI",
    "AuthorityKey": "printGuestCheck",
    "AuthorityText": "MÜŞTERİ HESABI YAZDIRMA",
    "AuthorityDescription": null,
    "DefaultLevel": 1,
    "NeedAllways": "0",
    "AllowManager": "0",
    "AllowCashier": "0",
    "EditKey": "5B54C1F1-638A-45E3-BE7D-714712C90C11",
    "SyncKey": "7259078D-C334-4445-8824-55DCBF8ACFA9",
    "BranchID": null,
    "UpdateDateTime": "8/8/2021 20:23:08.693",
    "AuthorityListKey": "AF718800-51BC-40E4-9DF0-0078282B5A3F"
  },
  {
    "AuthorityID": 16,
    "GroupName": "YAZICI",
    "AuthorityKey": "printGuestCheckCopy",
    "AuthorityText": "MÜŞTERİ HESABI KOPYA YAZDIRMA",
    "AuthorityDescription": null,
    "DefaultLevel": 1,
    "NeedAllways": "0",
    "AllowManager": "0",
    "AllowCashier": "0",
    "EditKey": "8DC1698B-2C61-4CC0-A13B-9ACEBA8327AA",
    "SyncKey": "0715F13E-188C-46C5-A9B0-02D5F8C415CD",
    "BranchID": null,
    "UpdateDateTime": "8/8/2021 20:23:08.693",
    "AuthorityListKey": "0332E12F-3B2F-4DFD-88B2-803C7ADCDA21"
  },
  {
    "AuthorityID": 17,
    "GroupName": "SATIŞ",
    "AuthorityKey": "saleOrderBar",
    "AuthorityText": "İSME ÇEK",
    "AuthorityDescription": null,
    "DefaultLevel": 10,
    "NeedAllways": "0",
    "AllowManager": "0",
    "AllowCashier": "0",
    "EditKey": "1BAF4323-2A53-48DC-974C-0B511FF31C27",
    "SyncKey": "B4B4BDB2-3FE6-4852-A2F0-42300DFBB445",
    "BranchID": null,
    "UpdateDateTime": "8/8/2021 20:23:08.693",
    "AuthorityListKey": "6B48BAB7-28A9-4D60-9410-8FFC7EDBAA2E"
  },
  {
    "AuthorityID": 18,
    "GroupName": "SATIŞ",
    "AuthorityKey": "newOrder",
    "AuthorityText": "YENİ ÇEK AÇMA",
    "AuthorityDescription": null,
    "DefaultLevel": 1,
    "NeedAllways": "0",
    "AllowManager": "0",
    "AllowCashier": "0",
    "EditKey": "3FF42A85-8B40-49F4-8E4A-F52E7E5A8DB8",
    "SyncKey": "392F396D-9460-40C2-9C20-9EE6274C14E4",
    "BranchID": null,
    "UpdateDateTime": "8/8/2021 20:23:08.693",
    "AuthorityListKey": "8723E57F-3CF8-4BFE-A3A1-E9786A7CB316"
  },
  {
    "AuthorityID": 19,
    "GroupName": "GENEL",
    "AuthorityKey": "menuItemNotes",
    "AuthorityText": "ÜRÜNE NOK ETLEME",
    "AuthorityDescription": null,
    "DefaultLevel": 1,
    "NeedAllways": "0",
    "AllowManager": "0",
    "AllowCashier": "0",
    "EditKey": "3CA397F3-5D34-478D-A118-7D9788180697",
    "SyncKey": "AAC94393-9219-4DCD-9D8F-675FDD56C55E",
    "BranchID": null,
    "UpdateDateTime": "8/8/2021 20:23:08.693",
    "AuthorityListKey": "7CC8F6EA-2FB0-4840-8655-E50160675234"
  },
  {
    "AuthorityID": 20,
    "GroupName": "GENEL",
    "AuthorityKey": "voidOrderLine",
    "AuthorityText": "İPTAL",
    "AuthorityDescription": null,
    "DefaultLevel": 3,
    "NeedAllways": "1",
    "AllowManager": "0",
    "AllowCashier": "0",
    "EditKey": "0B71E8C1-DFFD-4025-9F8C-49D04D1E149B",
    "SyncKey": "028EE0F7-FE07-433A-8147-4598687BF50A",
    "BranchID": null,
    "UpdateDateTime": "8/8/2021 20:23:08.693",
    "AuthorityListKey": "126234E0-1D72-4AE6-BBE0-14C57E2261B9"
  },
  {
    "AuthorityID": 21,
    "GroupName": "SATIŞ",
    "AuthorityKey": "discountOrder",
    "AuthorityText": "ÇEK İNDİRİMİ",
    "AuthorityDescription": null,
    "DefaultLevel": 6,
    "NeedAllways": "1",
    "AllowManager": "0",
    "AllowCashier": "0",
    "EditKey": "E6DB3DB5-455D-4CE1-901D-10D000B11814",
    "SyncKey": "A5D37D1D-7FEC-45ED-B5C5-1162C72043B1",
    "BranchID": null,
    "UpdateDateTime": "8/8/2021 20:23:08.693",
    "AuthorityListKey": "6DD356C6-43D4-40AB-BA02-D0FC24BC254B"
  },
  {
    "AuthorityID": 22,
    "GroupName": "GENEL",
    "AuthorityKey": "discountMenuItem",
    "AuthorityText": "ÜRÜN İNDİRİMİ",
    "AuthorityDescription": null,
    "DefaultLevel": 6,
    "NeedAllways": "1",
    "AllowManager": "0",
    "AllowCashier": "0",
    "EditKey": "0052C888-C50C-429D-AE15-DD3A6C0204A5",
    "SyncKey": "1379C9A6-06A5-4B96-9D2F-2E1A5B5BC495",
    "BranchID": null,
    "UpdateDateTime": "8/8/2021 20:23:08.693",
    "AuthorityListKey": "8709E535-FD6E-4BA8-8EB8-A395DF4A06F3"
  },
  {
    "AuthorityID": 23,
    "GroupName": "SATIŞ",
    "AuthorityKey": "discountCash",
    "AuthorityText": "ÇEK NAKİT İNDİRİMİ",
    "AuthorityDescription": null,
    "DefaultLevel": 6,
    "NeedAllways": "1",
    "AllowManager": "0",
    "AllowCashier": "0",
    "EditKey": "649B4225-85EF-428E-9DC1-EB4EDDA8D6B1",
    "SyncKey": "CB2EE0BD-F72A-42EB-B33D-4DAD427DBC81",
    "BranchID": null,
    "UpdateDateTime": "8/8/2021 20:23:08.693",
    "AuthorityListKey": "DC5F708B-83A1-4121-BC45-37143F339F9A"
  },
  {
    "AuthorityID": 24,
    "GroupName": "SATIŞ",
    "AuthorityKey": "discountOrderRemove",
    "AuthorityText": "ÇEK İNDİRİMİ İPTALİ",
    "AuthorityDescription": null,
    "DefaultLevel": 6,
    "NeedAllways": "1",
    "AllowManager": "0",
    "AllowCashier": "0",
    "EditKey": "88A1163A-1C5B-4FE8-A8C6-1F206F201709",
    "SyncKey": "A13A0493-9B9D-47D3-9633-EC639FC303C6",
    "BranchID": null,
    "UpdateDateTime": "8/8/2021 20:23:08.693",
    "AuthorityListKey": "C4AD1C9B-B71E-4A7D-9F95-704542A2BE95"
  },
  {
    "AuthorityID": 25,
    "GroupName": "GENEL",
    "AuthorityKey": "discountMenuItemRemove",
    "AuthorityText": "ÜRÜN İNDİRİMİ İPTALİ",
    "AuthorityDescription": null,
    "DefaultLevel": 6,
    "NeedAllways": "1",
    "AllowManager": "0",
    "AllowCashier": "0",
    "EditKey": "0D16C446-9216-4965-89CF-4F1C9A8AB0D9",
    "SyncKey": "91523BD4-D942-46A7-AA6A-7EFE5961AB25",
    "BranchID": null,
    "UpdateDateTime": "8/8/2021 20:23:08.693",
    "AuthorityListKey": "2ABD2F2F-61BC-4D59-803F-3053C5EF81E4"
  },
  {
    "AuthorityID": 26,
    "GroupName": "SATIŞ",
    "AuthorityKey": "discountCashRemove",
    "AuthorityText": "ÇEK NAKİT İNDİRİMİ  İPTALİ",
    "AuthorityDescription": null,
    "DefaultLevel": 6,
    "NeedAllways": "1",
    "AllowManager": "0",
    "AllowCashier": "0",
    "EditKey": "402E5780-1156-4F0D-BF2F-D18F7E8C9EFA",
    "SyncKey": "BA7F6DBC-C3E9-4E21-8E33-6B53A83C4304",
    "BranchID": null,
    "UpdateDateTime": "8/8/2021 20:23:08.693",
    "AuthorityListKey": "471641EB-6CEC-46E8-9DC8-D389AA1BEB0E"
  },
  {
    "AuthorityID": 27,
    "GroupName": "SATIŞ",
    "AuthorityKey": "extraPrice",
    "AuthorityText": "EK FİYAT EKLEME",
    "AuthorityDescription": null,
    "DefaultLevel": 10,
    "NeedAllways": "1",
    "AllowManager": "0",
    "AllowCashier": "0",
    "EditKey": "2FE3C7CE-8914-41E7-AD32-FFD2A1EFDE6A",
    "SyncKey": "BE09C916-3899-48DD-87CB-1A64381327AC",
    "BranchID": null,
    "UpdateDateTime": "8/8/2021 20:23:08.693",
    "AuthorityListKey": "12551CCE-8D15-435D-95FC-BA81BABBF8D2"
  },
  {
    "AuthorityID": 28,
    "GroupName": "SATIŞ",
    "AuthorityKey": "extraPriceRemove",
    "AuthorityText": "EK FİYAT İPTALİ",
    "AuthorityDescription": null,
    "DefaultLevel": 10,
    "NeedAllways": "1",
    "AllowManager": "0",
    "AllowCashier": "0",
    "EditKey": "0D8949B7-E915-4AE0-A28D-9D9406CC9B80",
    "SyncKey": "2C9DD8A7-6A8B-4423-9006-1FF9C35CE63F",
    "BranchID": null,
    "UpdateDateTime": "8/8/2021 20:23:08.693",
    "AuthorityListKey": "94BC3A0E-7D56-4E91-9222-EC957CEF2E35"
  },
  {
    "AuthorityID": 29,
    "GroupName": "SATIŞ",
    "AuthorityKey": "splitOrder",
    "AuthorityText": "ÇEK AYIRMA",
    "AuthorityDescription": null,
    "DefaultLevel": 5,
    "NeedAllways": "1",
    "AllowManager": "0",
    "AllowCashier": "0",
    "EditKey": "84AC3178-9579-4E01-B290-946E0E6DCA66",
    "SyncKey": "C6A4EF34-08E5-43ED-A0AC-869675A22966",
    "BranchID": null,
    "UpdateDateTime": "8/8/2021 20:23:08.693",
    "AuthorityListKey": "4F0B4ED5-6250-4894-9CC6-A15B99F838CF"
  },
  {
    "AuthorityID": 30,
    "GroupName": "SATIŞ",
    "AuthorityKey": "splitOrderRemove",
    "AuthorityText": "ÇEK AYIRMA İPTALİ",
    "AuthorityDescription": null,
    "DefaultLevel": 5,
    "NeedAllways": "1",
    "AllowManager": "0",
    "AllowCashier": "0",
    "EditKey": "C47243F6-5CBF-4791-AB84-17987BBC864A",
    "SyncKey": "75B23EE5-ADC7-4F38-840D-C6D31FC9FF0E",
    "BranchID": null,
    "UpdateDateTime": "8/8/2021 20:23:08.693",
    "AuthorityListKey": "901BB2B6-0338-46AB-8AB1-D79AAE31C25A"
  },
  {
    "AuthorityID": 31,
    "GroupName": "YAZICI",
    "AuthorityKey": "printGuestCheckSeatNumber",
    "AuthorityText": "KİŞİ BAZLI ÇEK YAZDIRMA",
    "AuthorityDescription": null,
    "DefaultLevel": 3,
    "NeedAllways": "0",
    "AllowManager": "0",
    "AllowCashier": "0",
    "EditKey": "95A1DB32-4B5B-49BE-A129-D1CED2E41438",
    "SyncKey": "7C39110A-AFB5-423D-A2BD-F8B70318EC64",
    "BranchID": null,
    "UpdateDateTime": "8/8/2021 20:23:08.693",
    "AuthorityListKey": "AB9DAE37-C1BB-4171-96BB-0685AD7C702E"
  },
  {
    "AuthorityID": 32,
    "GroupName": "SATIŞ",
    "AuthorityKey": "combineOrder",
    "AuthorityText": "ÇEK BİRLEŞTİR",
    "AuthorityDescription": null,
    "DefaultLevel": 5,
    "NeedAllways": "1",
    "AllowManager": "0",
    "AllowCashier": "0",
    "EditKey": "E0CD6D1F-6D57-4CC4-9BA0-62E0A0626823",
    "SyncKey": "0B418671-633F-4694-8EDB-DA876215BBC6",
    "BranchID": null,
    "UpdateDateTime": "8/8/2021 20:23:08.693",
    "AuthorityListKey": "52A78E19-AC44-4625-A5A0-EA682687DE41"
  },
  {
    "AuthorityID": 33,
    "GroupName": "SATIŞ",
    "AuthorityKey": "holdOnOrder",
    "AuthorityText": "ÇEK BEKLET",
    "AuthorityDescription": null,
    "DefaultLevel": 10,
    "NeedAllways": "0",
    "AllowManager": "0",
    "AllowCashier": "0",
    "EditKey": "9662A296-8AEA-47A1-B4C5-B2A7A336BB2C",
    "SyncKey": "1166BDDD-EB31-41A0-942D-3D28CA339B8D",
    "BranchID": null,
    "UpdateDateTime": "8/8/2021 20:23:08.693",
    "AuthorityListKey": "974D3135-C262-476F-9B87-64DD87DBDC8F"
  },
  {
    "AuthorityID": 34,
    "GroupName": "SATIŞ",
    "AuthorityKey": "setSpecificCustomerName",
    "AuthorityText": "ÖZEL MÜŞTERİ ADI TANIMLAMA",
    "AuthorityDescription": null,
    "DefaultLevel": 10,
    "NeedAllways": "0",
    "AllowManager": "0",
    "AllowCashier": "0",
    "EditKey": "BE5F405F-4749-4E98-822D-504367CD6916",
    "SyncKey": "A7420D8C-1030-4499-B28D-A3463B3167D1",
    "BranchID": null,
    "UpdateDateTime": "8/8/2021 20:23:08.693",
    "AuthorityListKey": "97038BF5-931F-45E6-ABF0-D0376DC2A66E"
  },
  {
    "AuthorityID": 35,
    "GroupName": "ÖDEME",
    "AuthorityKey": "settleCashDirect",
    "AuthorityText": "DOĞRUDAN NAKİTE KAPAMA",
    "AuthorityDescription": null,
    "DefaultLevel": 3,
    "NeedAllways": "0",
    "AllowManager": "0",
    "AllowCashier": "0",
    "EditKey": "4816456C-7870-4A53-B216-BC917F5E08FB",
    "SyncKey": "77CBE7FD-BB9F-4CF4-9730-6F85AD82E290",
    "BranchID": null,
    "UpdateDateTime": "8/8/2021 20:23:08.693",
    "AuthorityListKey": "FC9CD2C7-5D8A-42EE-A32E-C646CE351543"
  },
  {
    "AuthorityID": 36,
    "GroupName": "ÖDEME",
    "AuthorityKey": "settleWindow",
    "AuthorityText": "ÇEK ÖDEME PENCERESİNİ AÇMA",
    "AuthorityDescription": null,
    "DefaultLevel": 3,
    "NeedAllways": "0",
    "AllowManager": "0",
    "AllowCashier": "0",
    "EditKey": "06827E49-B428-4F1F-86F1-F121430DA7FE",
    "SyncKey": "2FD34E03-79BD-4F6F-83BB-1B1A61F6C25B",
    "BranchID": null,
    "UpdateDateTime": "8/8/2021 20:23:08.693",
    "AuthorityListKey": "CBC00A12-636D-44EA-A52E-B13463B958DA"
  },
  {
    "AuthorityID": 37,
    "GroupName": "ÖDEME",
    "AuthorityKey": "paymentAdd",
    "AuthorityText": "ÖDEME ALMA",
    "AuthorityDescription": null,
    "DefaultLevel": 3,
    "NeedAllways": "0",
    "AllowManager": "0",
    "AllowCashier": "0",
    "EditKey": "FF2ECE81-4B7F-4AE1-A874-4518A4B9074B",
    "SyncKey": "C5944564-515E-4312-A8E9-CD1D225FC81F",
    "BranchID": null,
    "UpdateDateTime": "8/8/2021 20:23:08.693",
    "AuthorityListKey": "78EA75B9-21DC-4056-BBD2-17FA1AB9A91A"
  },
  {
    "AuthorityID": 38,
    "GroupName": "ÖDEME",
    "AuthorityKey": "paymentRemove",
    "AuthorityText": "ÖDEMEYİ KALDIRMA",
    "AuthorityDescription": null,
    "DefaultLevel": 3,
    "NeedAllways": "0",
    "AllowManager": "0",
    "AllowCashier": "0",
    "EditKey": "C564A1E9-9C6F-401A-90BB-9BDD69A3CF14",
    "SyncKey": "58D4C1B1-358A-491E-B224-4E7EDF5037E6",
    "BranchID": null,
    "UpdateDateTime": "8/8/2021 20:23:08.693",
    "AuthorityListKey": "163B94C3-79DE-44F3-8CC8-D9950C6D169A"
  },
  {
    "AuthorityID": 39,
    "GroupName": "GENEL",
    "AuthorityKey": "gratuitiyAdd",
    "AuthorityText": "GARSONİYE EKLEME",
    "AuthorityDescription": null,
    "DefaultLevel": 10,
    "NeedAllways": "0",
    "AllowManager": "0",
    "AllowCashier": "0",
    "EditKey": "51EAF5CD-8648-444A-A1BF-5A03229CBE37",
    "SyncKey": "141E020E-9DCA-4FB0-8910-9B0825DF51E4",
    "BranchID": null,
    "UpdateDateTime": "8/8/2021 20:23:08.693",
    "AuthorityListKey": "255AF086-CCE2-4847-9761-4B4B276AFB70"
  },
  {
    "AuthorityID": 40,
    "GroupName": "GENEL",
    "AuthorityKey": "gratuitiyRemove",
    "AuthorityText": "GARSONİYE KALDIRMA",
    "AuthorityDescription": null,
    "DefaultLevel": 10,
    "NeedAllways": "0",
    "AllowManager": "0",
    "AllowCashier": "0",
    "EditKey": "8AF19EF4-C325-4DB3-A122-31E77AE7F0D7",
    "SyncKey": "8D2FA9F1-8372-416C-89B9-1DF6FA939328",
    "BranchID": null,
    "UpdateDateTime": "8/8/2021 20:23:08.693",
    "AuthorityListKey": "6051EE23-16B5-4EC4-9221-968B551922BA"
  },
  {
    "AuthorityID": 41,
    "GroupName": "ÖDEME",
    "AuthorityKey": "settleHouseAccount",
    "AuthorityText": "CARİ KAPATMA",
    "AuthorityDescription": null,
    "DefaultLevel": 10,
    "NeedAllways": "0",
    "AllowManager": "0",
    "AllowCashier": "0",
    "EditKey": "C1200D87-9FF8-448B-9F90-25C90F7E668B",
    "SyncKey": "E2D4E73B-0173-47BB-9135-46276627AD37",
    "BranchID": null,
    "UpdateDateTime": "8/8/2021 20:23:08.693",
    "AuthorityListKey": "00878824-3595-44FA-81DF-5AC1F4D33614"
  },
  {
    "AuthorityID": 42,
    "GroupName": "ÖDEME",
    "AuthorityKey": "settleBonus",
    "AuthorityText": "PARA PUAN KULLANDIRMA",
    "AuthorityDescription": null,
    "DefaultLevel": 10,
    "NeedAllways": "0",
    "AllowManager": "0",
    "AllowCashier": "0",
    "EditKey": "358BC06A-EF6A-48C8-8A62-3FB2582AD4E5",
    "SyncKey": "C84150FB-0508-4D9B-BB9D-5B0587B6BF13",
    "BranchID": null,
    "UpdateDateTime": "8/8/2021 20:23:08.693",
    "AuthorityListKey": "60993BC5-27E9-410E-89B7-84DDFF8D8991"
  },
  {
    "AuthorityID": 43,
    "GroupName": "ÖDEME",
    "AuthorityKey": "settleCoupon",
    "AuthorityText": "KUPON KULLANDIRMA",
    "AuthorityDescription": null,
    "DefaultLevel": 10,
    "NeedAllways": "0",
    "AllowManager": "0",
    "AllowCashier": "0",
    "EditKey": "A0BEED36-EB4D-4FB5-A36A-DEDAC096CA44",
    "SyncKey": "277D7D5B-D92D-474B-9171-0456FFAA6EB5",
    "BranchID": null,
    "UpdateDateTime": "8/8/2021 20:23:08.693",
    "AuthorityListKey": "AD4F55A1-C96B-4A97-9819-364FB57A2648"
  },
  {
    "AuthorityID": 44,
    "GroupName": "GENEL",
    "AuthorityKey": "changeOrderTable",
    "AuthorityText": "SİPARİŞ MASA DEĞİŞTİRME",
    "AuthorityDescription": null,
    "DefaultLevel": 5,
    "NeedAllways": "1",
    "AllowManager": "0",
    "AllowCashier": "0",
    "EditKey": "9B661396-BBB5-493A-9EF0-AE78D26BE9B5",
    "SyncKey": "539E36C8-7C0C-4DA0-B722-543FB21B66B3",
    "BranchID": null,
    "UpdateDateTime": "8/8/2021 20:23:08.693",
    "AuthorityListKey": "32E92512-C42E-4EFC-B35F-3FA990930F68"
  },
  {
    "AuthorityID": 45,
    "GroupName": "GENEL",
    "AuthorityKey": "changeOrderEmployee",
    "AuthorityText": "SİPARİŞ GARSON DEĞİŞTİR",
    "AuthorityDescription": null,
    "DefaultLevel": 5,
    "NeedAllways": "1",
    "AllowManager": "0",
    "AllowCashier": "0",
    "EditKey": "963FCFBF-96CC-4D0C-BAEA-5A78B8037CD1",
    "SyncKey": "095514BF-80F4-4CF4-997E-FEC6C7FA0344",
    "BranchID": null,
    "UpdateDateTime": "8/8/2021 20:23:08.693",
    "AuthorityListKey": "7EB53205-51E5-4544-AC16-E01E45DA2A37"
  },
  {
    "AuthorityID": 46,
    "GroupName": "SATIŞ",
    "AuthorityKey": "changeOrderMenuItemPrice",
    "AuthorityText": "SİPARİŞ ÜRÜN FİYATI DEĞİŞTİR",
    "AuthorityDescription": null,
    "DefaultLevel": 10,
    "NeedAllways": "1",
    "AllowManager": "0",
    "AllowCashier": "0",
    "EditKey": "C9A8D458-7D9B-4200-BDC8-3F2195AB966F",
    "SyncKey": "81B00802-70E3-49DB-B903-D6BF32BCE04D",
    "BranchID": null,
    "UpdateDateTime": "8/8/2021 20:23:08.693",
    "AuthorityListKey": "D5CE3BF4-4728-4086-9853-581FF571BD82"
  },
  {
    "AuthorityID": 47,
    "GroupName": "SATIŞ",
    "AuthorityKey": "changeOrderCustomerName",
    "AuthorityText": "SİPARİŞ MÜŞTERİ DEĞİŞTİR",
    "AuthorityDescription": null,
    "DefaultLevel": 10,
    "NeedAllways": "0",
    "AllowManager": "0",
    "AllowCashier": "0",
    "EditKey": "ADF5EBBA-0E77-47D5-A45B-087AF41F1419",
    "SyncKey": "33B46C96-A8F5-490F-9578-EE33BEFF2C09",
    "BranchID": null,
    "UpdateDateTime": "8/8/2021 20:23:08.693",
    "AuthorityListKey": "FF71E83F-2A17-41ED-B735-F0B6063BEA89"
  },
  {
    "AuthorityID": 48,
    "GroupName": "GENEL",
    "AuthorityKey": "orderAddRemoveMenuModifier",
    "AuthorityText": "ÜRÜN MESAJI EKLEME ÇIKARMA",
    "AuthorityDescription": null,
    "DefaultLevel": 1,
    "NeedAllways": "0",
    "AllowManager": "0",
    "AllowCashier": "0",
    "EditKey": "788D1207-EA21-497E-9841-5FB1C6597622",
    "SyncKey": "EF157DBE-6B99-4FE9-B21B-03FEDD22CAC6",
    "BranchID": null,
    "UpdateDateTime": "8/8/2021 20:23:08.693",
    "AuthorityListKey": "D34EB1DB-24A7-461E-BB00-F73C928AD5D1"
  },
  {
    "AuthorityID": 49,
    "GroupName": "SATIŞ",
    "AuthorityKey": "showAllOrderList",
    "AuthorityText": "TÜM ÇEKLERİ GÖRME",
    "AuthorityDescription": null,
    "DefaultLevel": 10,
    "NeedAllways": "1",
    "AllowManager": "0",
    "AllowCashier": "0",
    "EditKey": "85B1EB21-D03F-434F-A48E-BDE108E73041",
    "SyncKey": "F0F4A9D3-1E9B-44DF-81CE-C4E59B595C93",
    "BranchID": null,
    "UpdateDateTime": "8/8/2021 20:23:08.693",
    "AuthorityListKey": "1BFF80D2-CA43-4DB8-8340-E336A91183C4"
  },
  {
    "AuthorityID": 50,
    "GroupName": "GENEL",
    "AuthorityKey": "showRecallWindow",
    "AuthorityText": "ÇAĞIR PENCERESİNİ GÖRME",
    "AuthorityDescription": null,
    "DefaultLevel": 3,
    "NeedAllways": "0",
    "AllowManager": "0",
    "AllowCashier": "0",
    "EditKey": "A5AEDD63-E7B6-402E-B96C-2AE8D5AF3DC3",
    "SyncKey": "37033C6D-2F86-436A-92E0-D7F749CC6E0F",
    "BranchID": null,
    "UpdateDateTime": "8/8/2021 20:23:08.693",
    "AuthorityListKey": "32AEFF04-C572-4049-B76A-8A9CB1E5FEFE"
  },
  {
    "AuthorityID": 51,
    "GroupName": "GENEL",
    "AuthorityKey": "editSaleOrder",
    "AuthorityText": "SİPARİŞİ DÜZENLEME",
    "AuthorityDescription": null,
    "DefaultLevel": 1,
    "NeedAllways": "0",
    "AllowManager": "0",
    "AllowCashier": "1",
    "EditKey": "2A9C87FC-24B9-4865-A0D2-655AF3755A03",
    "SyncKey": "4E1EAEAA-E120-4D7E-AA16-E5A30CDDEB04",
    "BranchID": null,
    "UpdateDateTime": "8/8/2021 20:23:08.693",
    "AuthorityListKey": "86CF6575-5271-4D7A-AE46-32AF6CADF458"
  },
  {
    "AuthorityID": 52,
    "GroupName": "ÖDEME",
    "AuthorityKey": "changePaymentMethod",
    "AuthorityText": "ÖDEME TÜRÜNÜ DEĞİŞTİRME",
    "AuthorityDescription": null,
    "DefaultLevel": 10,
    "NeedAllways": "1",
    "AllowManager": "0",
    "AllowCashier": "0",
    "EditKey": "2D7338CB-7AB1-4299-9BFE-F0D3C43985ED",
    "SyncKey": "44969CB6-59F2-4848-8E88-3D88A683331B",
    "BranchID": null,
    "UpdateDateTime": "8/8/2021 20:23:08.693",
    "AuthorityListKey": "23EB62BA-9448-4A53-8C40-13FAA5EBBDD2"
  },
  {
    "AuthorityID": 53,
    "GroupName": "GENEL",
    "AuthorityKey": "openClosedOrder",
    "AuthorityText": "HESAP YAZIMINI GERİ ALABİLME",
    "AuthorityDescription": null,
    "DefaultLevel": 10,
    "NeedAllways": "1",
    "AllowManager": "0",
    "AllowCashier": "0",
    "EditKey": "3339D648-8AD5-4C22-974A-C8E35D4BDCCB",
    "SyncKey": "300C3994-5E39-4EF5-8060-E2BD65A8BE7A",
    "BranchID": null,
    "UpdateDateTime": "8/8/2021 20:23:08.693",
    "AuthorityListKey": "18DB493B-89AD-4C4F-A153-702279814D31"
  },
  {
    "AuthorityID": 54,
    "GroupName": "SATIŞ",
    "AuthorityKey": "voidSaleOrder",
    "AuthorityText": "ÇEK İPTAL EDEBİLME",
    "AuthorityDescription": null,
    "DefaultLevel": 5,
    "NeedAllways": "1",
    "AllowManager": "0",
    "AllowCashier": "0",
    "EditKey": "1AD1763E-1B23-48C0-8FB1-EB9366903534",
    "SyncKey": "67B484ED-D89A-4D56-B345-2E9C8AA16C95",
    "BranchID": null,
    "UpdateDateTime": "8/8/2021 20:23:08.693",
    "AuthorityListKey": "518E3636-E795-49DE-BA2B-E11814034DFE"
  },
  {
    "AuthorityID": 55,
    "GroupName": "YAZICI",
    "AuthorityKey": "printInvoice",
    "AuthorityText": "FATURA YAZDIRABİLME",
    "AuthorityDescription": null,
    "DefaultLevel": 3,
    "NeedAllways": "0",
    "AllowManager": "0",
    "AllowCashier": "0",
    "EditKey": "29CF07F3-1FBC-4322-94BB-68D3AE955A92",
    "SyncKey": "A13EABE5-9E0C-4A4E-9717-858588543EA7",
    "BranchID": null,
    "UpdateDateTime": "8/8/2021 20:23:08.693",
    "AuthorityListKey": "2767840C-D7EA-4A46-8219-E3120915C17A"
  },
  {
    "AuthorityID": 56,
    "GroupName": "YAZICI",
    "AuthorityKey": "printCashRegister",
    "AuthorityText": "YAZAR KASA FİŞİ YAZDIRABİLME",
    "AuthorityDescription": null,
    "DefaultLevel": 3,
    "NeedAllways": "0",
    "AllowManager": "0",
    "AllowCashier": "0",
    "EditKey": "74D04F26-6817-442A-80FC-2D6DC09AD6DF",
    "SyncKey": "2FD0ED58-C678-4248-BF29-5FB73D23E5E7",
    "BranchID": null,
    "UpdateDateTime": "8/8/2021 20:23:08.693",
    "AuthorityListKey": "C3EFDD84-C06E-418F-8209-4D581826DC3A"
  },
  {
    "AuthorityID": 57,
    "GroupName": "PAKET",
    "AuthorityKey": "sendDelivery",
    "AuthorityText": "PAKETÇİ GÖNDERME",
    "AuthorityDescription": null,
    "DefaultLevel": 10,
    "NeedAllways": "0",
    "AllowManager": "0",
    "AllowCashier": "0",
    "EditKey": "5B97C121-8B10-47E3-BEF2-93F691647C01",
    "SyncKey": "525790E1-61E0-417E-A1A8-F8598DB6ABEF",
    "BranchID": null,
    "UpdateDateTime": "8/8/2021 20:23:08.693",
    "AuthorityListKey": "DDF0DB92-BE56-41BA-B528-6C3466C72E5D"
  },
  {
    "AuthorityID": 58,
    "GroupName": "ÖDEME",
    "AuthorityKey": "setEmployeeStatus",
    "AuthorityText": "PERSONEL DURUMUNU DEĞİŞTİRME",
    "AuthorityDescription": null,
    "DefaultLevel": 10,
    "NeedAllways": "0",
    "AllowManager": "0",
    "AllowCashier": "0",
    "EditKey": "EA707B72-30F8-48D0-872C-F53430D9EB99",
    "SyncKey": "DD1A5E42-5848-4EE3-8A3A-92CEB1C2CCFF",
    "BranchID": null,
    "UpdateDateTime": "8/8/2021 20:23:08.693",
    "AuthorityListKey": "B6ABE928-36C7-4858-A26B-D8FC1884E9DD"
  },
  {
    "AuthorityID": 59,
    "GroupName": "PAKET",
    "AuthorityKey": "voidDeliveryAssign",
    "AuthorityText": "PAKETÇİ EŞLEMESİNİ İPTAL ETME",
    "AuthorityDescription": null,
    "DefaultLevel": 10,
    "NeedAllways": "0",
    "AllowManager": "0",
    "AllowCashier": "0",
    "EditKey": "93F5C75A-DA7D-4D37-8468-C12FF749DB3E",
    "SyncKey": "D37953CC-3AB2-4DB3-AC3F-835F2B5035A0",
    "BranchID": null,
    "UpdateDateTime": "8/8/2021 20:23:08.693",
    "AuthorityListKey": "E1459CD5-D44B-47C3-88CB-00E723875167"
  },
  {
    "AuthorityID": 60,
    "GroupName": "PAKET",
    "AuthorityKey": "setDeliveryComplated",
    "AuthorityText": "PAKETÇİ VARIŞI ONAYI",
    "AuthorityDescription": null,
    "DefaultLevel": 10,
    "NeedAllways": "0",
    "AllowManager": "0",
    "AllowCashier": "0",
    "EditKey": "559D53E1-6B58-4E74-AD20-AA54739C535D",
    "SyncKey": "E0C7D39A-3061-4563-9F85-8B3DE2AB46D8",
    "BranchID": null,
    "UpdateDateTime": "8/8/2021 20:23:08.693",
    "AuthorityListKey": "7BB506B8-8781-444A-A975-A57BF3FA3991"
  },
  {
    "AuthorityID": 61,
    "GroupName": "PAKET",
    "AuthorityKey": "setDriverMoneyRecieved",
    "AuthorityText": "PAKETÇİDEN PAAR TESLİM ALMA",
    "AuthorityDescription": null,
    "DefaultLevel": 10,
    "NeedAllways": "0",
    "AllowManager": "0",
    "AllowCashier": "0",
    "EditKey": "E1D0EDBF-839E-4B59-A77D-042E0225364C",
    "SyncKey": "ACF5C34D-047C-435C-A9E6-48E80D1B76DB",
    "BranchID": null,
    "UpdateDateTime": "8/8/2021 20:23:08.693",
    "AuthorityListKey": "0FCBDB3D-DFCA-4416-9DEE-C3CF2195A67C"
  },
  {
    "AuthorityID": 62,
    "GroupName": "ÖDEME",
    "AuthorityKey": "payOutShow",
    "AuthorityText": "MASRAF VE ÖDEME PENCERESİNİ AÇMA",
    "AuthorityDescription": null,
    "DefaultLevel": 10,
    "NeedAllways": "0",
    "AllowManager": "0",
    "AllowCashier": "0",
    "EditKey": "D3EAD6C8-FDC1-4F7D-8645-FA5AB85AA7BC",
    "SyncKey": "94C1DED3-3D57-4F2D-9784-D8E740215B49",
    "BranchID": null,
    "UpdateDateTime": "8/8/2021 20:23:08.693",
    "AuthorityListKey": "2950745C-1FB2-41F3-A845-5411D7F91786"
  },
  {
    "AuthorityID": 63,
    "GroupName": "ÖDEME",
    "AuthorityKey": "payOutGeneralAdd",
    "AuthorityText": "GENEL MASRAF GİRİŞİ",
    "AuthorityDescription": null,
    "DefaultLevel": 10,
    "NeedAllways": "1",
    "AllowManager": "0",
    "AllowCashier": "0",
    "EditKey": "BEDA9305-1B17-4977-8960-7D0689BC4E73",
    "SyncKey": "337E6025-B793-4C61-869D-9278A1858D40",
    "BranchID": null,
    "UpdateDateTime": "8/8/2021 20:23:08.693",
    "AuthorityListKey": "CD89E0B3-5F7C-4998-B3AE-5DC65DAEEF08"
  },
  {
    "AuthorityID": 64,
    "GroupName": "ÖDEME",
    "AuthorityKey": "payOutGeneralRemove",
    "AuthorityText": "GENEL MASRAF İPTALİ",
    "AuthorityDescription": null,
    "DefaultLevel": 10,
    "NeedAllways": "1",
    "AllowManager": "0",
    "AllowCashier": "0",
    "EditKey": "0A506B07-155F-479E-834E-2E3C5947358C",
    "SyncKey": "84F05CDA-87E2-4F0C-B619-E138EC9032FE",
    "BranchID": null,
    "UpdateDateTime": "8/8/2021 20:23:08.693",
    "AuthorityListKey": "3311D6F4-D9C2-4543-B129-251A878CE321"
  },
  {
    "AuthorityID": 65,
    "GroupName": "ÖDEME",
    "AuthorityKey": "payOutAdvanceAdd",
    "AuthorityText": "PERSONEL AVANSI GİREBİLME",
    "AuthorityDescription": null,
    "DefaultLevel": 10,
    "NeedAllways": "0",
    "AllowManager": "0",
    "AllowCashier": "0",
    "EditKey": "50ECD4AE-A769-40AF-9159-E8DE8F6F1135",
    "SyncKey": "FF15AE22-FC95-4070-A1F9-7B9B6174F1B8",
    "BranchID": null,
    "UpdateDateTime": "8/8/2021 20:23:08.693",
    "AuthorityListKey": "02FBE0B3-BFEA-4E3E-9CF1-B66AB492FF01"
  },
  {
    "AuthorityID": 66,
    "GroupName": "ÖDEME",
    "AuthorityKey": "payOutAdvanceRemove",
    "AuthorityText": "PERSONEL AVANSI İPTALİ",
    "AuthorityDescription": null,
    "DefaultLevel": 10,
    "NeedAllways": "1",
    "AllowManager": "0",
    "AllowCashier": "0",
    "EditKey": "A35D4FA2-1FEF-40C0-816D-B4F8A56E2497",
    "SyncKey": "07444592-481B-404C-843D-13CD0788BC56",
    "BranchID": null,
    "UpdateDateTime": "8/8/2021 20:23:08.693",
    "AuthorityListKey": "157A0B6A-379E-453C-A58A-58C21C7E5A67"
  },
  {
    "AuthorityID": 67,
    "GroupName": "GENEL",
    "AuthorityKey": "sendMessage",
    "AuthorityText": "PERSONELE MESAJ YOLLAMA",
    "AuthorityDescription": null,
    "DefaultLevel": 10,
    "NeedAllways": "0",
    "AllowManager": "0",
    "AllowCashier": "0",
    "EditKey": "BBD9C5E6-D015-483B-934C-0CFB4804D514",
    "SyncKey": "49A796BD-3BB9-4C83-92B2-3B4B0C72A73C",
    "BranchID": null,
    "UpdateDateTime": "8/8/2021 20:23:08.693",
    "AuthorityListKey": "7A6C5EE3-8622-48DB-965A-0D760C0A5568"
  },
  {
    "AuthorityID": 68,
    "GroupName": "GENEL",
    "AuthorityKey": "getPaymentHouseAccount",
    "AuthorityText": "CARİ HESAP TAHSİLAT",
    "AuthorityDescription": null,
    "DefaultLevel": 10,
    "NeedAllways": "0",
    "AllowManager": "0",
    "AllowCashier": "1",
    "EditKey": "9B4125A8-028D-4B77-9B6B-B2AB2AA2C254",
    "SyncKey": "FFFF6AAE-8F26-4BE5-9CD1-1042062228F6",
    "BranchID": null,
    "UpdateDateTime": "8/8/2021 20:23:08.693",
    "AuthorityListKey": "3BEC00C4-4C40-4048-81A8-06922F43EF9C"
  },
  {
    "AuthorityID": 69,
    "GroupName": "SATIŞ",
    "AuthorityKey": "changeOrderGuestNumber",
    "AuthorityText": "SİPARİŞ KONUK SAYISI DEĞİŞTİRME",
    "AuthorityDescription": null,
    "DefaultLevel": 10,
    "NeedAllways": "0",
    "AllowManager": "0",
    "AllowCashier": "0",
    "EditKey": "D0BC2B17-D131-476F-B433-68C230E26242",
    "SyncKey": "618BCE81-E89A-4120-91AE-36792DF9585E",
    "BranchID": null,
    "UpdateDateTime": "8/8/2021 20:23:08.693",
    "AuthorityListKey": "5031DF9A-F853-44B5-8474-78B4372A8674"
  },
  {
    "AuthorityID": 70,
    "GroupName": "SATIŞ",
    "AuthorityKey": "employeeRegisterIn",
    "AuthorityText": "KASİYER GİRİŞİ",
    "AuthorityDescription": null,
    "DefaultLevel": 3,
    "NeedAllways": "0",
    "AllowManager": "0",
    "AllowCashier": "0",
    "EditKey": "C395CC68-C2BB-4272-B2D4-ADFC99ECDABD",
    "SyncKey": "C9C6EA6D-A682-4177-99F8-BB38060C1332",
    "BranchID": null,
    "UpdateDateTime": "8/8/2021 20:23:08.693",
    "AuthorityListKey": "67B09D2B-59D5-4855-A2BD-CD43D3035C89"
  },
  {
    "AuthorityID": 71,
    "GroupName": "SATIŞ",
    "AuthorityKey": "employeeRegisterOut",
    "AuthorityText": "KASİYER ÇIKIŞI",
    "AuthorityDescription": null,
    "DefaultLevel": 3,
    "NeedAllways": "0",
    "AllowManager": "0",
    "AllowCashier": "0",
    "EditKey": "D19F93B3-FAFE-4CAC-B457-DDF96F854369",
    "SyncKey": "01D682E1-A4C1-423D-8782-4BDCD9BF12D7",
    "BranchID": null,
    "UpdateDateTime": "8/8/2021 20:23:08.693",
    "AuthorityListKey": "B58AF3B4-B272-4107-9403-FEA7A4D741C7"
  },
  {
    "AuthorityID": 72,
    "GroupName": "GENEL",
    "AuthorityKey": "enterSecuritySettings",
    "AuthorityText": "GÜVENLİK AYARLARINA ERİŞİM",
    "AuthorityDescription": null,
    "DefaultLevel": 10,
    "NeedAllways": "0",
    "AllowManager": "0",
    "AllowCashier": "0",
    "EditKey": "A6DBB71B-5C92-4152-8112-0B16B25F0476",
    "SyncKey": "400ABAE6-DBF6-4D88-9407-ECE0EB1E3F84",
    "BranchID": null,
    "UpdateDateTime": "8/8/2021 20:23:08.693",
    "AuthorityListKey": "EA7C0637-7248-4E59-B695-75FBA7FABE17"
  },
  {
    "AuthorityID": 73,
    "GroupName": "SATIŞ",
    "AuthorityKey": "enterToOtherEmployeeOrder",
    "AuthorityText": "BAŞKASI PERSONEL TARAFINDAN AÇILAN ÇEKE ERİŞİM",
    "AuthorityDescription": null,
    "DefaultLevel": 1,
    "NeedAllways": "0",
    "AllowManager": "0",
    "AllowCashier": "0",
    "EditKey": "80D47AD1-2B99-4E4A-B811-997B9220C190",
    "SyncKey": "9D546907-44D9-41C7-8E02-7CC34030BF22",
    "BranchID": null,
    "UpdateDateTime": "8/8/2021 20:23:08.693",
    "AuthorityListKey": "4D4A9B95-BD35-44DB-9B1F-452716444C88"
  },
  {
    "AuthorityID": 74,
    "GroupName": "GENEL",
    "AuthorityKey": "accessToRegisterSaleTotal",
    "AuthorityText": "KASA CİROSUNU GÖREBİLME",
    "AuthorityDescription": null,
    "DefaultLevel": 3,
    "NeedAllways": "0",
    "AllowManager": "0",
    "AllowCashier": "0",
    "EditKey": "679669A6-9B45-4182-9084-03F2010C7635",
    "SyncKey": "15737EC9-FBCD-4BAE-B414-FA6F90877F90",
    "BranchID": null,
    "UpdateDateTime": "8/8/2021 20:23:08.693",
    "AuthorityListKey": "6FD5B7ED-4C9D-4BC0-8322-95EF31AF50E6"
  },
  {
    "AuthorityID": 75,
    "GroupName": "ÖDEME",
    "AuthorityKey": "allowCustomerDiscountPercentChange",
    "AuthorityText": "MÜŞTERİ KARTINDA İNDİRİM YÜZDESİNİ DEĞİŞTİRME",
    "AuthorityDescription": null,
    "DefaultLevel": 10,
    "NeedAllways": "0",
    "AllowManager": "1",
    "AllowCashier": "0",
    "EditKey": "08FEA54C-DE77-487A-A47E-CA46E336793E",
    "SyncKey": "7E89C4F9-A769-42DA-92CC-B8C01AF2C1A1",
    "BranchID": 0,
    "UpdateDateTime": "8/8/2021 20:23:08.693",
    "AuthorityListKey": "EBB409DD-C84C-4054-B608-F29AE8B8A54E"
  },
  {
    "AuthorityID": 76,
    "GroupName": "ÖDEME",
    "AuthorityKey": "allowCustomerHouseAccountChange",
    "AuthorityText": "MÜŞTERİ KARTINDA CARİ HESABI AKTİF ETME",
    "AuthorityDescription": null,
    "DefaultLevel": 10,
    "NeedAllways": "0",
    "AllowManager": "1",
    "AllowCashier": "0",
    "EditKey": "2FB60621-6F47-47CD-BB7B-17F8B8C2A130",
    "SyncKey": "C56FA1A8-8F13-4BB1-8F65-43B7832510E0",
    "BranchID": 0,
    "UpdateDateTime": "8/8/2021 20:23:08.693",
    "AuthorityListKey": "01424F07-7343-4839-AAEE-8C503C81C67E"
  },
  {
    "AuthorityID": 77,
    "GroupName": "SATIŞ",
    "AuthorityKey": "allowItemSearch",
    "AuthorityText": "ÜRÜN ARAMA",
    "AuthorityDescription": null,
    "DefaultLevel": 10,
    "NeedAllways": "1",
    "AllowManager": "0",
    "AllowCashier": "1",
    "EditKey": "D96A8660-CA1B-49D2-976F-633E4B437FF5",
    "SyncKey": "42180E06-145D-443B-A21C-EAB4FCCB308E",
    "BranchID": null,
    "UpdateDateTime": "8/8/2021 20:23:08.693",
    "AuthorityListKey": "0631BED0-A1F0-4A48-BB6D-97BA1184F800"
  },
  {
    "AuthorityID": 78,
    "GroupName": "ÖDEME",
    "AuthorityKey": "allowOrderItemSplitMergeTable",
    "AuthorityText": "ÜRÜN AYIRMA VE BAŞKA MASA İLE BİRLEŞTİRME",
    "AuthorityDescription": null,
    "DefaultLevel": 5,
    "NeedAllways": "1",
    "AllowManager": "0",
    "AllowCashier": "0",
    "EditKey": "3D00EBF7-BB44-429A-AE2C-44D58F4ADD86",
    "SyncKey": "F2EAEC7C-1FA1-452E-9300-925227BF1746",
    "BranchID": 0,
    "UpdateDateTime": "8/8/2021 20:23:08.693",
    "AuthorityListKey": "5BE19DB0-850D-495D-A4CE-AE582CE3903A"
  },
  {
    "AuthorityID": 79,
    "GroupName": "SATIŞ",
    "AuthorityKey": "allowAddItemToGuestCheckPrintedOrder",
    "AuthorityText": "HESABI YAZDIRILMIŞ SİPARİŞE ÜRÜN EKLEME",
    "AuthorityDescription": null,
    "DefaultLevel": 3,
    "NeedAllways": "1",
    "AllowManager": "1",
    "AllowCashier": "1",
    "EditKey": "437C5F80-036B-4E06-8D88-5BFD86E76C53",
    "SyncKey": "94094BBF-C95E-4A4A-9EBD-2BEAC5CD2F8B",
    "BranchID": 0,
    "UpdateDateTime": "8/8/2021 20:23:08.693",
    "AuthorityListKey": "F00B7138-1C6C-468C-92A3-6A3FCB938E13"
  },
  {
    "AuthorityID": 80,
    "GroupName": "SATIŞ",
    "AuthorityKey": "allowMenuItemAddForBarcodeMode",
    "AuthorityText": "ÜRÜN EKLEME (BARKOD MODU)",
    "AuthorityDescription": null,
    "DefaultLevel": 10,
    "NeedAllways": "1",
    "AllowManager": "0",
    "AllowCashier": "1",
    "EditKey": null,
    "SyncKey": null,
    "BranchID": null,
    "UpdateDateTime": "8/8/2021 20:23:08.693",
    "AuthorityListKey": "803685DA-2A79-4A83-8F4E-71F27854E95C"
  },
  {
    "AuthorityID": 81,
    "GroupName": "SATIŞ",
    "AuthorityKey": "allowBarcodeMode",
    "AuthorityText": "BARKOD MODU KULLANIMI",
    "AuthorityDescription": null,
    "DefaultLevel": 10,
    "NeedAllways": "0",
    "AllowManager": "0",
    "AllowCashier": "1",
    "EditKey": null,
    "SyncKey": null,
    "BranchID": null,
    "UpdateDateTime": "8/8/2021 20:23:08.693",
    "AuthorityListKey": "34CA8D74-3159-41D9-889B-46DAA7F42B75"
  },
  {
    "AuthorityID": 82,
    "GroupName": "SATIŞ",
    "AuthorityKey": "allowOrderNote",
    "AuthorityText": "SİPARİŞ NOTU KULLANIMI",
    "AuthorityDescription": null,
    "DefaultLevel": 10,
    "NeedAllways": "0",
    "AllowManager": "0",
    "AllowCashier": "1",
    "EditKey": null,
    "SyncKey": null,
    "BranchID": null,
    "UpdateDateTime": "8/8/2021 20:23:08.693",
    "AuthorityListKey": "1F2D3559-E447-4031-ABD0-4E28A08165B8"
  },
  {
    "AuthorityID": 83,
    "GroupName": "SATIŞ",
    "AuthorityKey": "SaleTypeChange",
    "AuthorityText": "SATIŞ TİPİNİ DEĞİŞTİRME",
    "AuthorityDescription": null,
    "DefaultLevel": 10,
    "NeedAllways": "1",
    "AllowManager": "0",
    "AllowCashier": "1",
    "EditKey": "FC79A474-E7B8-463D-A9FB-0C7270CA4431",
    "SyncKey": "69D2CCA3-0736-4B26-B205-73E8CC4AAD05",
    "BranchID": null,
    "UpdateDateTime": "8/8/2021 20:23:08.693",
    "AuthorityListKey": "287461DB-4ECD-436B-9FF6-363B62F9630B"
  },
  {
    "AuthorityID": 84,
    "GroupName": "GENEL",
    "AuthorityKey": "BackOfficeDiscountEdit",
    "AuthorityText": "İNDİRİMLERİ DÜZENLEYEBİLME",
    "AuthorityDescription": null,
    "DefaultLevel": 10,
    "NeedAllways": "0",
    "AllowManager": "1",
    "AllowCashier": "1",
    "EditKey": "81FF1BCC-AD2C-40F7-83B2-24B373B0CBE1",
    "SyncKey": "3EE4FA01-4671-4F55-9417-2066A9A81B90",
    "BranchID": 0,
    "UpdateDateTime": "8/8/2021 20:23:08.693",
    "AuthorityListKey": "2453D480-2FBE-4789-9A57-D9ADB5626B91"
  },
  {
    "AuthorityID": 85,
    "GroupName": "GENEL",
    "AuthorityKey": "allowSheetEdit",
    "AuthorityText": "FÖY DÜZENLEME",
    "AuthorityDescription": null,
    "DefaultLevel": 5,
    "NeedAllways": "1",
    "AllowManager": "0",
    "AllowCashier": "1",
    "EditKey": null,
    "SyncKey": null,
    "BranchID": null,
    "UpdateDateTime": "8/8/2021 20:23:08.693",
    "AuthorityListKey": "623E8276-5B0B-4B85-A6D6-A7ECB9AB8924"
  },
  {
    "AuthorityID": 86,
    "GroupName": "GENEL",
    "AuthorityKey": "allowCashDrawerOpen",
    "AuthorityText": "PARA ÇEKMECESİ AÇMA",
    "AuthorityDescription": null,
    "DefaultLevel": 9,
    "NeedAllways": "0",
    "AllowManager": "0",
    "AllowCashier": "0",
    "EditKey": null,
    "SyncKey": null,
    "BranchID": null,
    "UpdateDateTime": "11/11/2021 10:15:57.8",
    "AuthorityListKey": "41427E6C-5690-4543-A851-A7D0BA348EDB"
  },
  {
    "AuthorityID": 87,
    "GroupName": "TABLET",
    "AuthorityKey": "tabletTerminalChange",
    "AuthorityText": "TERMİNAL DEĞİŞTİREBİLME",
    "AuthorityDescription": null,
    "DefaultLevel": 1,
    "NeedAllways": "0",
    "AllowManager": "0",
    "AllowCashier": "0",
    "EditKey": "A9FC9617-2C74-401F-9740-B3F081DF48B0",
    "SyncKey": "2B3EB140-41C0-45D1-9BA1-14C1B9E89A60",
    "BranchID": null,
    "UpdateDateTime": "13/1/2022 09:06:22.687",
    "AuthorityListKey": "58CEABD2-F9D2-4A4B-9B7D-194609E1DB3E"
  },
  {
    "AuthorityID": 88,
    "GroupName": "GENEL",
    "AuthorityKey": "EmployeeAdd",
    "AuthorityText": "PERSONEL EKLEME",
    "AuthorityDescription": null,
    "DefaultLevel": 3,
    "NeedAllways": "1",
    "AllowManager": "0",
    "AllowCashier": "0",
    "EditKey": "E14C4FDE-C3A5-4F2C-A0D0-C8F32E3FA0E3",
    "SyncKey": "92832560-4462-4BE4-B952-0AAEB239CA7B",
    "BranchID": null,
    "UpdateDateTime": "11/5/2022 00:20:29.177",
    "AuthorityListKey": "FE111471-DA83-4CE2-A639-1291C0B1CC0B"
  },
  {
    "AuthorityID": 89,
    "GroupName": "GENEL",
    "AuthorityKey": "EmployeeReceiptNotEnter",
    "AuthorityText": "HESABI YAZDIRILAN MASAYA GİRME",
    "AuthorityDescription": null,
    "DefaultLevel": 1,
    "NeedAllways": "0",
    "AllowManager": "0",
    "AllowCashier": "0",
    "EditKey": "414B42A2-7702-4E27-908B-65215657025E",
    "SyncKey": "33326868-1782-4668-9BAB-681DC939FF4E",
    "BranchID": null,
    "UpdateDateTime": "15/6/2022 10:00:34.347",
    "AuthorityListKey": "7A451835-609D-4C23-84EF-5739A1AF77BA"
  },
  {
    "AuthorityID": 90,
    "GroupName": "GENEL",
    "AuthorityKey": "MakingCheck",
    "AuthorityText": "ZAMANI DOLAN ÇEKTE İŞLEM YAPMA",
    "AuthorityDescription": null,
    "DefaultLevel": 1,
    "NeedAllways": "0",
    "AllowManager": "0",
    "AllowCashier": "0",
    "EditKey": "0F45EB34-BAB4-42D5-A510-AABEEE4481AE",
    "SyncKey": "FA0CADD4-B71B-4D0F-835B-A117B951452F",
    "BranchID": null,
    "UpdateDateTime": "14/10/2022 09:40:39.853",
    "AuthorityListKey": "893323D2-4430-411A-A9A9-66C114E549C5"
  },
  {
    "AuthorityID": 91,
    "GroupName": "GENEL",
    "AuthorityKey": "PaperNumberManager",
    "AuthorityText": "KAĞIT ADİSYON YÖNETİMİ",
    "AuthorityDescription": null,
    "DefaultLevel": 1,
    "NeedAllways": "1",
    "AllowManager": "0",
    "AllowCashier": "0",
    "EditKey": "9705A933-2501-4584-A1CA-E7EBF18974C4",
    "SyncKey": "5D922284-176A-4645-BC2F-E755CC55DF58",
    "BranchID": null,
    "UpdateDateTime": "19/10/2022 11:10:33.01",
    "AuthorityListKey": "D713153A-7D62-4ADD-8D4A-C08C9499ED86"
  },
  {
    "AuthorityID": 92,
    "GroupName": "GENEL",
    "AuthorityKey": "EmployeeShiftFormOpen",
    "AuthorityText": "PERSONEL MESAİ FORMU",
    "AuthorityDescription": null,
    "DefaultLevel": 1,
    "NeedAllways": "0",
    "AllowManager": "0",
    "AllowCashier": "0",
    "EditKey": "49BACE2B-9FE2-43B6-8696-F4B750E6B9B9",
    "SyncKey": "98C064DD-AAAA-407A-8299-DB6B526881F8",
    "BranchID": null,
    "UpdateDateTime": "30/11/2022 23:58:36.97",
    "AuthorityListKey": "C5F7E0ED-11C6-4CF7-B79E-8393477A665F"
  },
  {
    "AuthorityID": 93,
    "GroupName": "GENEL",
    "AuthorityKey": "EmployeeShiftFormEdit",
    "AuthorityText": "PERSONEL MESAİ FORMU DÜZENLEME",
    "AuthorityDescription": null,
    "DefaultLevel": 10,
    "NeedAllways": "0",
    "AllowManager": "0",
    "AllowCashier": "0",
    "EditKey": "1B46A7A5-D9AF-4B82-98D7-C8B7D6D42DD1",
    "SyncKey": "059F7687-9EEF-4BD7-8DBB-C1A5D35A5A14",
    "BranchID": null,
    "UpdateDateTime": "30/11/2022 23:58:37.08",
    "AuthorityListKey": "E8E4D8E4-E907-4B80-B4F3-5AE2D836D2ED"
  },
  {
    "AuthorityID": 94,
    "GroupName": "GENEL",
    "AuthorityKey": "HoursBasedReportAuthhority",
    "AuthorityText": "SAATLİK RAPOR YETKİSİ",
    "AuthorityDescription": null,
    "DefaultLevel": 10,
    "NeedAllways": "0",
    "AllowManager": "0",
    "AllowCashier": "0",
    "EditKey": "76F098B3-F11E-4A7E-9FE6-0A940463502E",
    "SyncKey": "D2620996-BC65-442C-90FC-9852845A6304",
    "BranchID": null,
    "UpdateDateTime": "7/3/2023 23:38:59.28",
    "AuthorityListKey": "B49F79C6-1801-435E-A0E4-21EC93FDE935"
  },
  {
    "AuthorityID": 95,
    "GroupName": "GENEL",
    "AuthorityKey": "PackagerAccountStatus",
    "AuthorityText": "PAKETÇİ HESAP DURUMU",
    "AuthorityDescription": null,
    "DefaultLevel": 1,
    "NeedAllways": "0",
    "AllowManager": "0",
    "AllowCashier": "0",
    "EditKey": "507F8AD5-57F0-4C37-906B-DB9ACAAFDB70",
    "SyncKey": "2C17452F-4AA7-4B64-BB4D-4E1C756EF8E0",
    "BranchID": null,
    "UpdateDateTime": "7/3/2023 23:38:59.637",
    "AuthorityListKey": "62C87FCA-08E2-4A5F-8F6B-43EDA50355B9"
  },
  {
    "AuthorityID": 96,
    "GroupName": "GENEL",
    "AuthorityKey": "buttonAccountOperationsAuthority",
    "AuthorityText": "MUHASEBE BUTONU",
    "AuthorityDescription": null,
    "DefaultLevel": 1,
    "NeedAllways": "0",
    "AllowManager": "0",
    "AllowCashier": "0",
    "EditKey": null,
    "SyncKey": null,
    "BranchID": null,
    "UpdateDateTime": "25/4/2023 10:00:40.083",
    "AuthorityListKey": "D0779290-8D5D-46E0-AFFB-73EC406188F3"
  },
  {
    "AuthorityID": 97,
    "GroupName": "GENEL",
    "AuthorityKey": "UseReturnModeAuth",
    "AuthorityText": "İADE MODU",
    "AuthorityDescription": null,
    "DefaultLevel": 1,
    "NeedAllways": "1",
    "AllowManager": "0",
    "AllowCashier": "0",
    "EditKey": null,
    "SyncKey": null,
    "BranchID": null,
    "UpdateDateTime": "25/4/2023 10:00:40.223",
    "AuthorityListKey": "B69EA455-E9BF-4713-9738-F763A39FB775"
  },
  {
    "AuthorityID": 98,
    "GroupName": "GENEL",
    "AuthorityKey": "EmployeeTitleAdd",
    "AuthorityText": "PERSONEL GÖREV EKLEME",
    "AuthorityDescription": null,
    "DefaultLevel": 1,
    "NeedAllways": "1",
    "AllowManager": "0",
    "AllowCashier": "0",
    "EditKey": null,
    "SyncKey": null,
    "BranchID": null,
    "UpdateDateTime": "9/10/2023 10:43:43.23",
    "AuthorityListKey": "E6218C52-484B-4E22-8ABD-F0CD389C849A"
  },
  {
    "AuthorityID": 99,
    "GroupName": "GENEL",
    "AuthorityKey": "DriveThruReceived",
    "AuthorityText": "PAKET SİPARİŞLERİ SIRA DIŞI TESLİM ALMA",
    "AuthorityDescription": null,
    "DefaultLevel": 1,
    "NeedAllways": "1",
    "AllowManager": "0",
    "AllowCashier": "0",
    "EditKey": null,
    "SyncKey": null,
    "BranchID": null,
    "UpdateDateTime": "16/9/2024 23:31:20.19",
    "AuthorityListKey": "18FA3699-0640-4132-ADF0-DB13E18840AA"
  },
  {
    "AuthorityID": 100,
    "GroupName": "GENEL",
    "AuthorityKey": "ZDateChange",
    "AuthorityText": "Z TARİH DEĞİŞTİRME",
    "AuthorityDescription": null,
    "DefaultLevel": 10,
    "NeedAllways": "1",
    "AllowManager": "0",
    "AllowCashier": "0",
    "EditKey": null,
    "SyncKey": null,
    "BranchID": null,
    "UpdateDateTime": "16/9/2024 23:31:20.25",
    "AuthorityListKey": "9D91311E-31C7-4E67-A9F6-D8B324829338"
  },
  {
    "AuthorityID": 101,
    "GroupName": "GENEL",
    "AuthorityKey": "ShowCurrentAccount",
    "AuthorityText": "CARİ HESAP TAHSİLATLARINI GÖRME",
    "AuthorityDescription": null,
    "DefaultLevel": 1,
    "NeedAllways": "1",
    "AllowManager": "0",
    "AllowCashier": "0",
    "EditKey": null,
    "SyncKey": null,
    "BranchID": null,
    "UpdateDateTime": "12/12/2024 15:49:06.36",
    "AuthorityListKey": "FA5B1186-68EF-4AE4-A773-62AC61291307"
  },
  {
    "AuthorityID": 102,
    "GroupName": "GENEL",
    "AuthorityKey": "AddPaymentSplit",
    "AuthorityText": "AYIR EKRANINDA ÖDEME ALMA",
    "AuthorityDescription": null,
    "DefaultLevel": 1,
    "NeedAllways": "0",
    "AllowManager": "0",
    "AllowCashier": "0",
    "EditKey": null,
    "SyncKey": null,
    "BranchID": null,
    "UpdateDateTime": "12/12/2024 15:49:10.157",
    "AuthorityListKey": "EA67F414-1820-46F7-9DCC-37A213794D0A"
  }
]